unix_timestamp,esc_data
1787802043.771553,-1,0,3,2,9800,8148,25447,13133,3305340,3305335,3305337,3305338,0,0,0,0
1787802043.974433,2,1,1,-3,9800,8147,25447,13133,3305460,3305455,3305457,3305458,0,0,0,0
1787802044.083046,-2,2,2,0,9797,8150,25449,13130,3305520,3305515,3305517,3305518,0,0,0,0
1787802044.18115,2,-2,-5,3,9801,8147,25447,13134,3305580,3305575,3305577,3305578,0,0,0,0
1787802044.235754,2,10,-15,0,9800,8148,25446,13134,3305610,3305605,3305607,3305608,0,0,0,0
1787802044.3545613,2,10,-15,0,9800,8148,25446,13134,3305610,3305605,3305607,3305608,0,0,0,0
1787802044.368366,2,-1,1,-1,9797,8150,25448,13131,3305670,3305665,3305667,3305668,0,0,0,0
1787802044.5842075,-1,-5,1,1,9798,8148,25446,13132,3305730,3305725,3305727,3305728,0,0,0,0
1787802044.7088873,2,-1,5,-1,9799,8149,25447,13132,3305850,3305845,3305847,3305848,0,0,0,0
1787802044.7115095,4,2,1,1,9798,8149,25448,13132,3305880,3305875,3305877,3305878,0,0,0,0
1787802044.7991226,0,-38,1,-3,9800,8148,25447,13133,3305910,3305905,3305907,3305908,0,0,0,0
1787802044.9181712,-2,2,-1,4,9801,8148,25447,13134,3305940,3305935,3305937,3305938,0,0,0,0
1787802044.9331748,3,-4,-2,-2,9799,8149,25448,13132,3306030,3306025,3306027,3306028,0,0,0,0
1787802045.0105383,1,1,1,1,9798,8150,25449,13130,3306060,3306055,3306057,3306058,0,0,0,0
1787802045.0446596,-2,-3,-6,0,9797,8150,25450,13130,3306090,3306085,3306087,3306088,0,0,0,0
1787802045.1802945,0,-8,1,2,9799,8149,25448,13132,3306150,3306145,3306147,3306148,0,0,0,0
1787802045.1873302,-1,-4,-4,0,9800,8148,25446,13133,3306180,3306175,3306177,3306178,0,0,0,0
1787802045.3144925,-3,0,3,0,9798,8149,25448,13131,3306240,3306235,3306237,3306238,0,0,0,0
1787802045.3351722,-3,1,0,0,9797,8151,25451,13130,3306270,3306265,3306267,3306268,0,0,0,0
1787802045.4094005,4,2,-3,0,9797,8151,25451,13129,3306300,3306295,3306297,3306298,0,0,0,0
1787802045.4451027,-3,2,3,0,9798,8150,25449,13130,3306330,3306325,3306327,3306328,0,0,0,0
1787802045.5931354,-2,-1,-1,-3,9798,8150,25449,13131,3306390,3306385,3306387,3306388,0,0,0,0
1787802045.6101308,-4,-1,-8,4,9797,8150,25449,13131,3306420,3306415,3306417,3306418,0,0,0,0
1787802045.7319763,3,-5,1,6,9806,8153,25451,13133,3306480,3306475,3306477,3306478,0,0,0,0
1787802045.8167076,6,-5,-4,4,9946,8063,25347,13264,3306510,3306505,3306507,3306508,0,0,0,0
1787802045.8167076,6,-4,-3,5,10130,7932,25185,13437,3306540,3306535,3306537,3306538,0,0,0,0
1787802045.9440205,-5,-1,1,-4,9875,8121,25399,13187,3306630,3306625,3306627,3306628,0,0,0,0
1787802045.9933887,-3,-1,0,-6,9795,8178,25458,13111,3306660,3306655,3306657,3306658,0,0,0,0
1787802046.123098,-2,-2,2,5,9742,8217,25498,13065,3306690,3306685,3306687,3306688,0,0,0,0
1787802046.1336145,-4,-4,-4,-1,9721,8238,25519,13045,3306720,3306715,3306717,3306718,0,0,0,0
1787802046.1813514,-2,24,-4,0,9724,8236,25517,13047,3306750,3306745,3306747,3306748,0,0,0,0
1787802046.1945899,-3,-5,-3,0,9747,8216,25499,13069,3306780,3306775,3306777,3306778,0,0,0,0
1787802046.299257,0,5,1,-3,9778,8192,25476,13096,3306810,3306805,3306807,3306808,0,0,0,0
1787802046.3062646,0,-4,-8,-1,9796,8173,25456,13116,3306840,3306835,3306837,3306838,0,0,0,0
1787802046.4382212,-3,-1,2,-1,9803,8165,25449,13123,3306870,3306865,3306867,3306868,0,0,0,0
1787802046.4402297,3,-4,4,-1,9800,8167,25453,13121,3306900,3306895,3306897,3306898,0,0,0,0
1787802046.4519172,-2,1,-1,-2,9788,8177,25462,13109,3306930,3306925,3306927,3306928,0,0,0,0
1787802046.5643456,-1,-1,-5,-2,9770,8194,25478,13091,3306990,3306985,3306987,3306988,0,0,0,0
1787802046.6424978,1,-1,1,-2,9774,8189,25474,13095,3307050,3307045,3307047,3307048,0,0,0,0
1787802046.7648482,4,-8,0,4,9786,8180,25466,13107,3307110,3307105,3307107,3307108,0,0,0,0
1787802046.8433182,1,-1,2,-2,9791,8178,25463,13110,3307140,3307135,3307137,3307138,0,0,0,0
1787802046.854542,0,-2,-4,-1,9790,8181,25463,13107,3307170,3307165,3307167,3307168,0,0,0,0
1787802046.960263,-3,2,-3,-2,9784,8184,25466,13102,3307200,3307195,3307197,3307198,0,0,0,0
1787802046.960263,-1,-3,3,4,9778,8187,25469,13098,3307230,3307225,3307227,3307228,0,0,0,0
1787802047.043729,-1,-1,0,-1,9783,8184,25468,13103,3307290,3307285,3307287,3307288,0,0,0,0
1787802047.1582038,2,-2,4,0,9787,8180,25465,13107,3307320,3307315,3307317,3307318,0,0,0,0
1787802047.1582038,1,5,1,0,9787,8178,25464,13107,3307350,3307345,3307347,3307348,0,0,0,0
1787802047.2567396,3,-3,-1,-1,9787,8181,25465,13105,3307380,3307375,3307377,3307378,0,0,0,0
1787802047.3120487,0,-1,-3,0,9785,8183,25466,13104,3307410,3307405,3307407,3307408,0,0,0,0
1787802047.3278282,2,1,0,-4,9785,8182,25466,13105,3307440,3307435,3307437,3307438,0,0,0,0
1787802047.4632876,-2,7,-8,-1,9787,8180,25464,13107,3307500,3307495,3307497,3307498,0,0,0,0
1787802047.4712696,2,2,-2,2,9784,8182,25466,13103,3307530,3307525,3307527,3307528,0,0,0,0
1787802047.597054,1,-2,-11,2,9778,8188,25471,13098,3307590,3307585,3307587,3307588,0,0,0,0
1787802047.6066325,3,5,4,0,9780,8187,25471,13099,3307620,3307615,3307617,3307618,0,0,0,0
1787802047.6665807,-4,-3,1,-1,9784,8184,25468,13103,3307650,3307645,3307647,3307648,0,0,0,0
1787802047.8589544,-1,3,0,4,9783,8182,25466,13104,3307770,3307765,3307767,3307768,0,0,0,0
1787802048.0665061,-4,2,-6,1,9781,8184,25468,13101,3307860,3307855,3307857,3307858,0,0,0,0
1787802048.0826051,-2,1,-1,-4,9782,8184,25468,13102,3307890,3307885,3307887,3307888,0,0,0,0
1787802048.1956708,-2,-1,-3,-1,9781,8184,25468,13101,3307950,3307945,3307947,3307948,0,0,0,0
1787802048.2117367,-2,0,-2,4,9782,8183,25467,13102,3307980,3307975,3307977,3307978,0,0,0,0
1787802048.2921157,3,-4,-3,-2,9781,8183,25467,13101,3308010,3308005,3308007,3308008,0,0,0,0
1787802048.3333714,1,4,-1,-1,9780,8185,25470,13100,3308040,3308035,3308037,3308038,0,0,0,0
1787802048.4729311,-5,-3,-2,-1,9785,8181,25466,13106,3308130,3308125,3308127,3308128,0,0,0,0
1787802048.494719,-3,0,2,-2,9785,8182,25466,13105,3308160,3308155,3308157,3308158,0,0,0,0
1787802048.6148803,-2,3,2,0,9778,8187,25471,13099,3308220,3308215,3308217,3308218,0,0,0,0
1787802048.6846743,-1,1,-5,1,9779,8187,25469,13098,3308250,3308245,3308247,3308248,0,0,0,0
1787802048.6846743,1,-1,1,2,9781,8185,25468,13101,3308280,3308275,3308277,3308278,0,0,0,0
1787802048.892622,1,1,4,-1,9782,8185,25468,13100,3308310,3308305,3308307,3308308,0,0,0,0
1787802048.892622,0,4,-3,0,9781,8187,25469,13100,3308400,3308395,3308397,3308398,0,0,0,0
1787802049.0065987,2,0,2,2,9777,8188,25472,13097,3308460,3308455,3308457,3308458,0,0,0,0
1787802049.0968199,1,-1,3,-5,9779,8187,25471,13099,3308490,3308485,3308487,3308488,0,0,0,0
1787802049.208719,-5,-4,-1,-3,9787,8182,25465,13106,3308550,3308545,3308547,3308548,0,0,0,0
1787802049.2152326,-5,0,1,-3,9785,8181,25465,13104,3308580,3308575,3308577,3308578,0,0,0,0
1787802049.258323,16,-6,-9,-6,9784,8184,25468,13102,3308610,3308605,3308607,3308608,0,0,0,0
1787802049.27129,2,1,2,-8,9781,8183,25468,13100,3308640,3308635,3308637,3308638,0,0,0,0
1787802049.3952963,0,10,-2,1,9781,8185,25469,13099,3308700,3308695,3308697,3308698,0,0,0,0
1787802049.500314,0,-3,1,-6,9780,8187,25471,13098,3308760,3308755,3308757,3308758,0,0,0,0
1787802049.532243,-1,-2,0,0,9775,8189,25473,13095,3308790,3308785,3308787,3308788,0,0,0,0
1787802049.6498644,-3,4,5,-2,9717,8231,25517,13042,3308850,3308845,3308847,3308848,0,0,0,0
1787802049.7077796,-1,8,0,-3,9658,8294,25571,12985,3308880,3308875,3308877,3308878,0,0,0,0
1787802049.917402,5,-3,-9,-1,9773,8200,25478,13090,3308970,3308965,3308967,3308968,0,0,0,0
1787802049.9241662,5,4,2,2,9822,8157,25438,13137,3309000,3308995,3308997,3308998,0,0,0,0
1787802049.930349,1,-1,-4,0,9869,8120,25401,13180,3309030,3309025,3309027,3309028,0,0,0,0
1787802050.0282943,0,5,-1,0,9879,8105,25388,13193,3309090,3309085,3309087,3309088,0,0,0,0
1787802050.132421,4,-2,3,-5,9843,8130,25415,13159,3309150,3309145,3309147,3309148,0,0,0,0
1787802050.2302184,-3,3,0,2,9816,8153,25437,13135,3309180,3309175,3309177,3309178,0,0,0,0
1787802050.2302184,2,-7,2,0,9796,8171,25457,13115,3309210,3309205,3309207,3309208,0,0,0,0
1787802050.3336983,2,-3,-5,1,9786,8181,25465,13106,3309270,3309265,3309267,3309268,0,0,0,0
1787802050.4384499,-2,2,-6,0,9795,8175,25459,13113,3309300,3309295,3309297,3309298,0,0,0,0
1787802050.4437819,-16,-5,2,-1,9802,8169,25453,13120,3309330,3309325,3309327,3309328,0,0,0,0
1787802050.5358415,3,-1,0,-5,9805,8166,25451,13123,3309360,3309355,3309357,3309358,0,0,0,0
1787802050.6440537,-5,-3,2,-1,9803,8167,25453,13122,3309390,3309385,3309387,3309388,0,0,0,0
1787802050.6440537,0,-4,4,0,9797,8172,25457,13115,3309450,3309445,3309447,3309448,0,0,0,0
1787802050.852272,2,-1,-1,1,9796,8171,25456,13114,3309480,3309475,3309477,3309478,0,0,0,0
1787802050.852272,1,1,0,-2,9795,8172,25458,13114,3309510,3309505,3309507,3309508,0,0,0,0
1787802050.8544111,1,-1,-1,0,9793,8172,25458,13113,3309570,3309565,3309567,3309568,0,0,0,0
1787802050.951293,0,1,1,2,9791,8175,25460,13111,3309630,3309625,3309627,3309628,0,0,0,0
1787802051.0731843,0,1,3,2,9794,8174,25459,13113,3309660,3309655,3309657,3309658,0,0,0,0
1787802051.0731843,4,-3,0,1,9797,8171,25457,13115,3309690,3309685,3309687,3309688,0,0,0,0
1787802051.1525419,-1,-2,2,-4,9795,8175,25459,13113,3309750,3309745,3309747,3309748,0,0,0,0
1787802051.2337563,1,-15,-3,-4,9793,8175,25459,13111,3309780,3309775,3309777,3309778,0,0,0,0
1787802051.2741387,-2,0,-6,-17,9792,8173,25459,13111,3309810,3309805,3309807,3309808,0,0,0,0
1787802051.3529358,-2,2,3,1,9794,8175,25459,13113,3309840,3309835,3309837,3309838,0,0,0,0
1787802051.3529358,-1,1,0,-1,9796,8173,25457,13115,3309870,3309865,3309867,3309868,0,0,0,0
1787802051.5556724,-1,-2,-1,-1,9795,8172,25456,13114,3309930,3309925,3309927,3309928,0,0,0,0
1787802051.562707,5,2,-6,-4,9792,8173,25457,13112,3309990,3309985,3309987,3309988,0,0,0,0
1787802051.671569,-5,-2,-2,-3,9793,8175,25459,13113,3310020,3310015,3310017,3310018,0,0,0,0
1787802051.76332,-4,4,-1,2,9801,8169,25453,13119,3310110,3310105,3310107,3310108,0,0,0,0
1787802051.8686092,-3,-3,-8,-3,9806,8165,25450,13123,3310170,3310165,3310167,3310168,0,0,0,0
1787802051.9805412,0,-1,-8,-2,9803,8168,25453,13120,3310230,3310225,3310227,3310228,0,0,0,0
1787802052.0366771,-2,3,1,0,9800,8166,25454,13118,3310260,3310255,3310257,3310258,0,0,0,0
1787802052.1720023,5,1,-1,-2,9803,8165,25452,13120,3310320,3310315,3310317,3310318,0,0,0,0
1787802052.1720023,1,1,-2,-1,9798,8171,25457,13115,3310350,3310345,3310347,3310348,0,0,0,0
1787802052.2530372,3,2,2,1,9786,8183,25468,13104,3310380,3310375,3310377,3310378,0,0,0,0
1787802052.3678892,-2,3,-2,2,9844,8137,25420,13158,3310470,3310465,3310467,3310468,0,0,0,0
1787802052.57656,-3,-1,1,-4,9817,8153,25438,13136,3310590,3310585,3310587,3310588,0,0,0,0
1787802052.5904036,-4,3,0,1,9786,8180,25465,13107,3310620,3310615,3310617,3310618,0,0,0,0
1787802052.7010505,-4,2,-2,-1,9747,8214,25497,13069,3310680,3310675,3310677,3310678,0,0,0,0
1787802052.786541,0,2,-5,1,9763,8205,25486,13082,3310740,3310735,3310737,3310738,0,0,0,0
1787802052.9171293,1,0,0,0,9786,8183,25467,13104,3310800,3310795,3310797,3310798,0,0,0,0
1787802052.9229589,1,0,0,-4,9793,8176,25460,13112,3310830,3310825,3310827,3310828,0,0,0,0
1787802052.9948907,0,3,0,1,9792,8177,25460,13110,3310860,3310855,3310857,3310858,0,0,0,0
1787802053.0754566,-3,1,-1,1,9788,8180,25463,13107,3310890,3310885,3310887,3310888,0,0,0,0
1787802053.08259,-2,-1,0,1,9784,8185,25468,13103,3310920,3310915,3310917,3310918,0,0,0,0
1787802053.2012057,-4,-3,-3,1,9781,8186,25469,13100,3310950,3310945,3310947,3310948,0,0,0,0
1787802053.2491882,-1,-4,1,1,9784,8184,25469,13102,3311010,3311005,3311007,3311008,0,0,0,0
1787802053.3579752,3,3,2,-1,9784,8184,25467,13103,3311040,3311035,3311037,3311038,0,0,0,0
1787802053.3721907,1,-2,1,-3,9785,8183,25467,13103,3311070,3311065,3311067,3311068,0,0,0,0
1787802053.3888252,-3,2,-1,3,9783,8184,25469,13102,3311100,3311095,3311097,3311098,0,0,0,0
1787802053.5162992,-5,-1,-2,0,9783,8185,25468,13102,3311160,3311155,3311157,3311158,0,0,0,0
1787802053.5357342,3,-2,0,1,9784,8185,25469,13102,3311190,3311185,3311187,3311188,0,0,0,0
1787802053.5937011,1,-3,3,1,9790,8184,25465,13105,3311220,3311215,3311217,3311218,0,0,0,0
1787802053.6530116,10,-8,-8,8,9918,8106,25365,13197,3311250,3311245,3311247,3311248,0,0,0,0
1787802053.6923504,16,-19,-19,19,10303,7869,24983,13528,3311280,3311275,3311277,3311278,0,0,0,0
1787802053.7404993,31,-23,-25,21,10943,7332,24352,14027,3311310,3311305,3311307,3311308,0,0,0,0
1787802053.8044312,38,-10,-38,15,11936,6749,23426,14744,3311340,3311335,3311337,3311338,0,0,0,0
1787802053.8203323,44,-17,-23,18,13091,6067,22239,15318,3311370,3311365,3311367,3311368,0,0,0,0
1787802053.883805,32,-6,-43,15,14150,5584,21130,15821,3311400,3311395,3311397,3311398,0,0,0,0
1787802053.9502275,26,-8,-38,3,15082,5292,20206,16129,3311430,3311425,3311427,3311428,0,0,0,0
1787802053.9959347,25,-3,-18,2,15857,5207,19606,16209,3311460,3311455,3311457,3311458,0,0,0,0
1787802054.0550458,13,-1,-25,-1,16392,5208,19026,16220,3311490,3311485,3311487,3311488,0,0,0,0
1787802054.1104946,23,0,-22,6,16912,5203,18511,16234,3311520,3311515,3311517,3311518,0,0,0,0
1787802054.1519556,24,-8,-30,6,17549,5104,17865,16336,3311550,3311545,3311547,3311548,0,0,0,0
1787802054.1939049,30,-13,-30,4,18443,4851,17145,16559,3311580,3311575,3311577,3311578,0,0,0,0
1787802054.2495468,39,-17,-31,17,19298,4483,16259,16952,3311610,3311605,3311607,3311608,0,0,0,0
1787802054.2918355,30,-22,-36,18,20240,4032,15312,17422,3311640,3311635,3311637,3311638,0,0,0,0
1787802054.3688035,20,-20,-27,24,21037,3408,14516,18029,3311670,3311665,3311667,3311668,0,0,0,0
1787802054.3880217,19,-23,-17,13,21625,2762,13951,18651,3311700,3311695,3311697,3311698,0,0,0,0
1787802054.4507062,9,-19,-14,21,22012,2209,13550,19199,3311730,3311725,3311727,3311728,0,0,0,0
1787802054.5158544,4,-20,-8,18,22255,1727,13253,19690,3311760,3311755,3311757,3311758,0,0,0,0
1787802054.5543275,4,-24,-3,31,22424,1118,13081,20299,3311790,3311785,3311787,3311788,0,0,0,0
1787802054.6104555,6,-38,-7,30,22591,383,12958,21101,3311820,3311815,3311817,3311818,0,0,0,0
1787802054.6516404,8,-29,-6,28,22758,32324,12831,21943,3311850,3311845,3311847,3311848,0,0,0,0
1787802054.6943114,5,-28,-12,38,22970,31342,12669,22985,3311880,3311875,3311877,3311878,0,0,0,0
1787802054.7639186,6,-32,-13,38,23217,30427,12453,23888,3311910,3311905,3311907,3311908,0,0,0,0
1787802054.793125,8,-33,-10,29,23517,29558,12158,24805,3311940,3311935,3311937,3311938,0,0,0,0
1787802054.8536947,18,-26,-11,21,23892,28781,11760,25617,3311970,3311965,3311967,3311968,0,0,0,0
1787802054.9148393,12,-20,-19,28,24280,28121,11421,26325,3312000,3311995,3311997,3311998,0,0,0,0
1787802054.946497,13,-24,-17,20,24592,27532,10988,26839,3312030,3312025,3312027,3312028,0,0,0,0
1787802055.0127156,19,-16,-15,20,25033,26975,10549,27316,3312060,3312055,3312057,3312058,0,0,0,0
1787802055.042615,17,-13,-13,12,25561,26599,10153,27783,3312090,3312085,3312087,3312088,0,0,0,0
1787802055.1082485,25,-19,-18,16,26098,26218,9679,28222,3312120,3312115,3312117,3312118,0,0,0,0
1787802055.1536942,23,-18,-32,9,26762,25789,9013,28726,3312150,3312145,3312147,3312148,0,0,0,0
1787802055.2010052,31,-23,-28,15,27619,25348,8157,29148,3312180,3312175,3312177,3312178,0,0,0,0
1787802055.254727,31,-15,-32,11,28431,24937,7404,29556,3312210,3312205,3312207,3312208,0,0,0,0
1787802055.3077452,36,-2,-38,2,29348,24672,6467,29832,3312240,3312235,3312237,3312238,0,0,0,0
1787802055.3531294,21,-10,-26,4,30269,24512,5502,29990,3312270,3312265,3312267,3312268,0,0,0,0
1787802055.402118,35,-3,-22,4,31150,24420,4772,30156,3312300,3312295,3312297,3312298,0,0,0,0
1787802055.4734828,26,-6,-33,7,31900,24267,4006,30326,3312330,3312325,3312327,3312328,0,0,0,0
1787802055.5117517,23,-11,-21,13,32602,24012,3250,30584,3312360,3312355,3312357,3312358,0,0,0,0
1787802055.5764077,26,-15,-22,14,465,23653,2585,30987,3312390,3312385,3312387,3312388,0,0,0,0
1787802055.6081462,16,-17,-23,13,1161,23261,1945,31420,3312420,3312415,3312417,3312418,0,0,0,0
1787802055.67249,22,-22,-29,17,1816,22782,1145,31865,3312450,3312445,3312447,3312448,0,0,0,0
1787802055.7367027,17,-12,-20,20,2399,22303,514,32336,3312480,3312475,3312477,3312478,0,0,0,0
1787802055.7797067,22,-19,-18,18,3017,21937,51,23,3312510,3312505,3312507,3312508,0,0,0,0
1787802055.8115542,15,-20,-14,25,3479,21448,32392,565,3312540,3312535,3312537,3312538,0,0,0,0
1787802055.8749502,14,-28,-16,19,3883,20858,31882,1097,3312570,3312565,3312567,3312568,0,0,0,0
1787802055.9228747,10,-29,-13,29,4297,20082,31478,1865,3312600,3312595,3312597,3312598,0,0,0,0
1787802055.9703212,10,-35,-11,36,4809,18461,30881,3549,3312660,3312655,3312657,3312658,0,0,0,0
1787802056.0363252,11,-28,-5,27,5083,17526,30624,4523,3312690,3312685,3312687,3312688,0,0,0,0
1787802056.0744853,11,-35,-9,24,5299,16706,30374,5446,3312720,3312715,3312717,3312718,0,0,0,0
1787802056.1248653,14,-32,-9,30,5510,15817,30136,6175,3312750,3312745,3312747,3312748,0,0,0,0
1787802056.201853,11,-23,-4,25,5727,15023,29940,7021,3312780,3312775,3312777,3312778,0,0,0,0
1787802056.2359335,11,-20,-10,19,6016,14396,29753,7845,3312810,3312805,3312807,3312808,0,0,0,0
1787802056.2923918,22,-14,-20,16,6468,13869,29319,8288,3312840,3312835,3312837,3312838,0,0,0,0
1787802056.3326938,21,-19,-20,17,6992,13408,28775,8769,3312870,3312865,3312867,3312868,0,0,0,0
1787802056.3810325,33,-15,-29,16,7661,12926,28110,9225,3312900,3312895,3312897,3312898,0,0,0,0
1787802056.445023,35,-11,-35,18,8490,12593,27333,9608,3312930,3312925,3312927,3312928,0,0,0,0
1787802056.495547,28,-12,-31,9,9333,12304,26520,10011,3312960,3312955,3312957,3312958,0,0,0,0
1787802056.553808,27,-23,-39,2,10282,12097,25591,10240,3312990,3312985,3312987,3312988,0,0,0,0
1787802056.6174424,28,-9,-27,4,11159,11930,24681,10335,3313020,3313015,3313017,3313018,0,0,0,0
1787802056.6574695,30,-6,-31,5,11922,11714,23859,10445,3313050,3313045,3313047,3313048,0,0,0,0
1787802056.7081494,21,-16,-23,17,12696,11452,23110,10772,3313080,3313075,3313077,3313078,0,0,0,0
1787802056.7720478,22,-26,-19,19,13312,10984,22459,11258,3313110,3313105,3313107,3313108,0,0,0,0
1787802056.8166468,13,-17,-19,18,13852,10422,21981,11754,3313140,3313135,3313137,3313138,0,0,0,0
1787802056.843104,18,-26,-17,27,14362,9932,21485,12347,3313170,3313165,3313167,3313168,0,0,0,0
1787802056.908405,15,-20,-15,22,14906,9349,20997,12945,3313200,3313195,3313197,3313198,0,0,0,0
1787802056.9547386,10,-17,-17,18,15327,8757,20523,13589,3313230,3313225,3313227,3313228,0,0,0,0
1787802057.0113478,13,-23,-17,28,15725,8022,20128,14212,3313260,3313255,3313257,3313258,0,0,0,0
1787802057.072947,8,-27,-8,33,16024,7335,19885,14956,3313290,3313285,3313287,3313288,0,0,0,0
1787802057.115544,9,-41,-6,33,16185,6490,19716,15792,3313320,3313315,3313317,3313318,0,0,0,0
1787802057.1457143,4,-31,-11,34,16263,5611,19542,16672,3313350,3313345,3313347,3313348,0,0,0,0
1787802057.2094185,9,-34,-12,32,16460,4670,19334,17564,3313380,3313375,3313377,3313378,0,0,0,0
1787802057.2513487,11,-28,-10,28,16736,3791,19080,18494,3313410,3313405,3313407,3313408,0,0,0,0
1787802057.3231308,17,-22,-17,26,17133,3046,18696,19316,3313440,3313435,3313437,3313438,0,0,0,0
1787802057.3766623,25,-17,-25,0,17627,2451,18197,19828,3313470,3313465,3313467,3313468,0,0,0,0
1787802057.4166594,16,-19,-23,19,18251,2023,17612,20288,3313500,3313495,3313497,3313498,0,0,0,0
1787802057.4742389,21,-12,-21,14,18750,1620,17122,20752,3313530,3313525,3313527,3313528,0,0,0,0
1787802057.5152738,32,-12,-34,11,19414,1280,16495,21084,3313560,3313555,3313557,3313558,0,0,0,0
1787802057.595513,34,-8,-26,12,20226,1035,15770,21423,3313590,3313585,3313587,3313588,0,0,0,0
1787802057.652999,29,-12,-36,6,22148,567,13984,21968,3313650,3313645,3313647,3313648,0,0,0,0
1787802057.6770144,28,-16,-39,6,23120,278,12988,22199,3313680,3313675,3313677,3313678,0,0,0,0
1787802057.7358997,29,-16,-26,9,23891,3,12139,22441,3313710,3313705,3313707,3313708,0,0,0,0
1787802057.769689,24,-11,-23,11,24532,32534,11399,22733,3313740,3313735,3313737,3313738,0,0,0,0
1787802057.8349135,17,-19,-19,13,25139,32190,10818,23139,3313770,3313765,3313767,3313768,0,0,0,0
1787802057.874943,11,-17,-11,16,25585,31725,10415,23579,3313800,3313795,3313797,3313798,0,0,0,0
1787802057.9358764,19,-20,-19,17,26000,31222,10003,24195,3313830,3313825,3313827,3313828,0,0,0,0
1787802057.9621985,16,-21,-22,27,26457,30598,9566,24773,3313860,3313855,3313857,3313858,0,0,0,0
1787802058.0342305,13,-29,-19,25,26847,29933,9160,25524,3313890,3313885,3313887,3313888,0,0,0,0
1787802058.0761118,16,-31,-7,31,27190,29069,8762,26324,3313920,3313915,3313917,3313918,0,0,0,0
1787802058.1372187,5,-31,-9,39,27376,28148,8517,27269,3313950,3313945,3313947,3313948,0,0,0,0
1787802058.1643186,5,-45,-6,36,27518,27174,8331,28195,3313980,3313975,3313977,3313978,0,0,0,0
1787802058.237248,5,-32,-3,26,27731,26274,8173,29131,3314010,3314005,3314007,3314008,0,0,0,0
1787802058.2765706,10,-23,-4,34,27961,25544,8001,30044,3314040,3314035,3314037,3314038,0,0,0,0
1787802058.3387163,8,-31,-7,25,28248,24765,7756,30781,3314070,3314065,3314067,3314068,0,0,0,0
1787802058.4118145,23,-25,-17,24,28653,24094,7419,31457,3314100,3314095,3314097,3314098,0,0,0,0
1787802058.4511657,16,-17,-22,19,29160,23495,6914,32045,3314130,3314125,3314127,3314128,0,0,0,0
1787802058.4908488,23,-21,-32,13,29731,23100,6228,32514,3314160,3314155,3314157,3314158,0,0,0,0
1787802058.554683,19,-18,-19,21,30286,22597,5624,167,3314190,3314185,3314187,3314188,0,0,0,0
1787802058.6020195,18,-14,-25,10,31004,22187,5127,715,3314220,3314215,3314217,3314218,0,0,0,0
1787802058.6492574,30,-9,-28,7,31770,21874,4449,1118,3314250,3314245,3314247,3314248,0,0,0,0
1787802058.681025,26,-16,-35,13,32556,21441,3472,1388,3314280,3314275,3314277,3314278,0,0,0,0
1787802058.7550836,37,-14,-38,17,628,21009,2585,1791,3314310,3314305,3314307,3314308,0,0,0,0
1787802058.7951102,31,-14,-34,13,1534,20655,1711,2264,3314340,3314335,3314337,3314338,0,0,0,0
1787802058.8431456,29,-18,-33,18,2352,20159,819,2709,3314370,3314365,3314367,3314368,0,0,0,0
1787802058.92565,36,-13,-27,15,3287,19735,51,3136,3314400,3314395,3314397,3314398,0,0,0,0
1787802058.9549663,28,-10,-32,10,4139,19483,32116,3414,3314430,3314425,3314427,3314428,0,0,0,0
1787802059.0028913,22,-8,-28,13,4729,19198,31388,3636,3314460,3314455,3314457,3314458,0,0,0,0
1787802059.0833466,21,-19,-20,17,5331,18871,30748,3950,3314490,3314485,3314487,3314488,0,0,0,0
1787802059.099336,18,-12,-15,15,5789,18475,30313,4451,3314520,3314515,3314517,3314518,0,0,0,0
1787802059.147264,22,-18,-15,25,6232,17949,29973,4971,3314550,3314545,3314547,3314548,0,0,0,0
1787802059.2141137,10,-27,-13,20,6656,17422,29616,5606,3314580,3314575,3314577,3314578,0,0,0,0
1787802059.2550316,8,-30,-13,26,6956,16860,29292,6223,3314610,3314605,3314607,3314608,0,0,0,0
1787802059.3000598,15,-29,-12,31,7213,16017,28977,7000,3314640,3314635,3314637,3314638,0,0,0,0
1787802059.3634813,12,-35,-6,16,7515,15023,28687,7994,3314670,3314665,3314667,3314668,0,0,0,0
1787802059.4116752,13,-33,-11,33,7860,14101,28414,8977,3314700,3314695,3314697,3314698,0,0,0,0
1787802059.4757643,13,-37,-10,36,8227,13205,28139,9863,3314730,3314725,3314727,3314728,0,0,0,0
1787802059.5098495,7,-25,-13,28,8557,12410,27810,10645,3314760,3314755,3314757,3314758,0,0,0,0
1787802059.572295,8,-28,-12,19,8864,11632,27443,11459,3314790,3314785,3314787,3314788,0,0,0,0
1787802059.6041238,6,-29,-9,26,9173,10885,27142,12112,3314820,3314815,3314817,3314818,0,0,0,0
1787802059.6859782,14,-16,-11,18,9514,10296,26819,12695,3314850,3314845,3314847,3314848,0,0,0,0
1787802059.7158337,19,-18,-19,14,10056,9867,26323,13138,3314880,3314875,3314877,3314878,0,0,0,0
1787802059.7766328,21,-12,-16,12,10562,9416,25710,13568,3314910,3314905,3314907,3314908,0,0,0,0
1787802059.8314824,30,-19,-26,11,11232,9071,25079,13920,3314940,3314935,3314937,3314938,0,0,0,0
1787802059.8867204,30,-15,-28,15,11987,8709,24402,14304,3314970,3314965,3314967,3314968,0,0,0,0
1787802059.9153044,30,-11,-35,12,12938,8372,23614,14756,3315000,3314995,3314997,3314998,0,0,0,0
1787802060.0109723,33,-14,-27,11,14733,7628,21763,15445,3315060,3315055,3315057,3315058,0,0,0,0
1787802060.0719151,32,-12,-29,13,15550,7305,20875,15850,3315090,3315085,3315087,3315088,0,0,0,0
1787802060.1038198,18,-7,-26,2,16337,7078,20052,16105,3315120,3315115,3315117,3315118,0,0,0,0
1787802060.19551,24,-14,-23,-1,17022,6854,19388,16300,3315150,3315145,3315147,3315148,0,0,0,0
1787802060.2155466,24,-5,-30,8,17712,6638,18706,16524,3315180,3315175,3315177,3315178,0,0,0,0
1787802060.2817242,18,-14,-21,13,18406,6289,18061,16874,3315210,3315205,3315207,3315208,0,0,0,0
1787802060.3151565,19,-22,-14,28,19311,5198,17198,18002,3315270,3315265,3315267,3315268,0,0,0,0
1787802060.3725793,10,-28,-17,26,19724,4519,16749,18659,3315300,3315295,3315297,3315298,0,0,0,0
1787802060.4360182,8,-31,-14,27,20028,3751,16374,19426,3315330,3315325,3315327,3315328,0,0,0,0
1787802060.475137,12,-44,-7,37,20316,2912,16162,20268,3315360,3315355,3315357,3315358,0,0,0,0
1787802060.5273383,8,-30,-10,33,20627,2052,16012,21209,3315390,3315385,3315387,3315388,0,0,0,0
1787802060.5777686,7,-34,-17,25,20877,1155,15730,22016,3315420,3315415,3315417,3315418,0,0,0,0
1787802060.6231594,12,-42,-15,29,21203,271,15364,22936,3315450,3315445,3315447,3315448,0,0,0,0
1787802060.7143652,12,-25,-12,25,21600,32296,15029,23663,3315480,3315475,3315477,3315478,0,0,0,0
1787802060.7355917,2,-28,-9,20,21882,31515,14693,24408,3315510,3315505,3315507,3315508,0,0,0,0
1787802060.7855291,11,-27,-6,27,22080,30727,14316,25139,3315540,3315535,3315537,3315538,0,0,0,0
1787802060.8343182,15,-28,-11,27,22400,30053,14031,25903,3315570,3315565,3315567,3315568,0,0,0,0
1787802060.895639,21,-31,-25,16,22891,29331,13687,26630,3315600,3315595,3315597,3315598,0,0,0,0
1787802060.9661648,16,-17,-28,22,23440,28793,13071,27161,3315630,3315625,3315627,3315628,0,0,0,0
1787802060.9956684,25,-15,-13,16,24069,28364,12489,27719,3315660,3315655,3315657,3315658,0,0,0,0
1787802061.0569909,25,-12,-25,9,24670,27962,11863,28111,3315690,3315685,3315687,3315688,0,0,0,0
1787802061.091348,27,-11,-31,3,25459,27656,11148,28423,3315720,3315715,3315717,3315718,0,0,0,0
1787802061.1521697,33,-5,-25,5,26226,27450,10364,28663,3315750,3315745,3315747,3315748,0,0,0,0
1787802061.1867077,33,-12,-33,1,27049,27239,9579,28853,3315780,3315775,3315777,3315778,0,0,0,0
1787802061.2687814,25,-4,-38,8,27989,26969,8632,28997,3315810,3315805,3315807,3315808,0,0,0,0
1787802061.2917655,31,-12,-30,10,28848,26798,7799,29213,3315840,3315835,3315837,3315838,0,0,0,0
1787802061.3551383,31,-7,-31,9,29670,26611,7016,29445,3315870,3315865,3315867,3315868,0,0,0,0
1787802061.3946135,22,-10,-31,11,30355,26335,6111,29627,3315900,3315895,3315897,3315898,0,0,0,0
1787802061.4578261,27,-21,-20,10,31079,26017,5490,30031,3315930,3315925,3315927,3315928,0,0,0,0
1787802061.5479202,17,-17,-18,23,31671,25586,5036,30558,3315960,3315955,3315957,3315958,0,0,0,0
1787802061.554706,16,-29,-16,23,32174,24912,4553,31195,3315990,3315985,3315987,3315988,0,0,0,0
1787802061.602855,12,-21,-20,31,32626,24114,4048,31903,3316020,3316015,3316017,3316018,0,0,0,0
1787802061.6505406,11,-22,-18,19,243,23397,3577,32699,3316050,3316045,3316047,3316048,0,0,0,0
1787802061.699017,14,-38,-16,33,572,22666,3156,646,3316080,3316075,3316077,3316078,0,0,0,0
1787802061.7465684,14,-28,-8,36,922,21833,2821,1448,3316110,3316105,3316107,3316108,0,0,0,0
1787802061.8038948,7,-25,-13,30,1200,21047,2569,2382,3316140,3316135,3316137,3316138,0,0,0,0
1787802061.8521206,7,-34,-7,24,1414,20247,2384,3235,3316170,3316165,3316167,3316168,0,0,0,0
1787802061.9144754,9,-26,0,30,1663,19440,2227,4089,3316200,3316195,3316197,3316198,0,0,0,0
1787802061.954799,17,-17,-19,14,2009,18708,1882,4729,3316230,3316225,3316227,3316228,0,0,0,0
1787802062.0186393,21,-13,-20,16,2498,18302,1250,5262,3316260,3316255,3316257,3316258,0,0,0,0
1787802062.051028,27,-14,-21,12,3284,17888,662,5649,3316290,3316285,3316287,3316288,0,0,0,0
1787802062.1137452,29,-9,-29,16,4044,17549,32765,5979,3316320,3316315,3316317,3316318,0,0,0,0
1787802062.145225,26,-12,-30,7,4752,17311,31967,6262,3316350,3316345,3316347,3316348,0,0,0,0
1787802062.2091858,28,-6,-28,3,5622,17123,31115,6495,3316380,3316375,3316377,3316378,0,0,0,0
1787802062.2577913,26,-8,-19,10,6550,16982,30301,6705,3316410,3316405,3316407,3316408,0,0,0,0
1787802062.3078265,25,-10,-30,7,7287,16854,29496,6890,3316440,3316435,3316437,3316438,0,0,0,0
1787802062.3556938,23,-12,-26,12,8069,16575,28734,7147,3316470,3316465,3316467,3316468,0,0,0,0
1787802062.4206452,22,-21,-18,26,8660,16087,28092,7697,3316500,3316495,3316497,3316498,0,0,0,0
1787802062.470219,12,-25,-18,18,9150,15431,27664,8300,3316530,3316525,3316527,3316528,0,0,0,0
1787802062.5401692,9,-24,-14,17,9521,14847,27195,8974,3316560,3316555,3316557,3316558,0,0,0,0
1787802062.5560834,15,-26,-7,44,9878,14160,26898,9683,3316590,3316585,3316587,3316588,0,0,0,0
1787802062.6359365,0,-37,-10,27,10090,13357,26731,10476,3316620,3316615,3316617,3316618,0,0,0,0
1787802062.6587481,3,-30,-6,30,10191,12484,26579,11453,3316650,3316645,3316647,3316648,0,0,0,0
1787802062.7159622,7,-30,-2,33,10304,11607,26456,12339,3316680,3316675,3316677,3316678,0,0,0,0
1787802062.776645,3,-33,-11,31,10489,10668,26300,13196,3316710,3316705,3316707,3316708,0,0,0,0
1787802062.830989,12,-28,-24,19,10794,9961,25924,13925,3316740,3316735,3316737,3316738,0,0,0,0
1787802062.8773186,27,-16,-18,21,11343,9390,25401,14527,3316770,3316765,3316767,3316768,0,0,0,0
1787802062.9119494,27,-21,-17,13,12569,8550,24282,15359,3316830,3316825,3316827,3316828,0,0,0,0
1787802062.9925394,25,-16,-24,10,13191,8186,23660,15747,3316860,3316855,3316857,3316858,0,0,0,0
1787802063.008465,23,-7,-31,9,13930,7932,22884,16004,3316890,3316885,3316887,3316888,0,0,0,0
1787802063.0735245,27,-9,-42,10,14827,7712,22050,16259,3316920,3316915,3316917,3316918,0,0,0,0
1787802063.1064475,26,-18,-34,22,15623,7371,21305,16643,3316950,3316945,3316947,3316948,0,0,0,0
1787802063.1674554,10,-22,-21,19,16244,6798,20648,17219,3316980,3316975,3316977,3316978,0,0,0,0
1787802063.220335,13,-26,-16,26,16640,6087,20126,17857,3317010,3317005,3317007,3317008,0,0,0,0
1787802063.276847,18,-26,-12,18,17023,5402,19814,18594,3317040,3317035,3317037,3317038,0,0,0,0
1787802063.3200223,9,-23,-6,26,17423,4721,19542,19367,3317070,3317065,3317067,3317068,0,0,0,0
1787802063.3927968,12,-34,-14,28,17784,4035,19202,20079,3317100,3317095,3317097,3317098,0,0,0,0
1787802063.4374194,10,-29,-11,28,18077,3218,18875,20893,3317130,3317125,3317127,3317128,0,0,0,0
1787802063.46719,11,-29,-10,28,18305,2299,18671,21659,3317160,3317155,3317157,3317158,0,0,0,0
1787802063.5384207,4,-27,-8,34,18540,1498,18456,22452,3317190,3317185,3317187,3317188,0,0,0,0
1787802063.5964081,12,-25,-18,22,18787,820,18159,23239,3317220,3317215,3317217,3317218,0,0,0,0
1787802063.6499236,21,-25,-14,17,19241,156,17742,23840,3317250,3317245,3317247,3317248,0,0,0,0
1787802063.6660552,19,-21,-19,18,19760,32472,17254,24334,3317280,3317275,3317277,3317278,0,0,0,0
1787802063.7323265,26,-17,-21,19,20314,31952,16651,24773,3317310,3317305,3317307,3317308,0,0,0,0
1787802063.779634,27,-12,-26,14,20970,31497,16056,25326,3317340,3317335,3317337,3317338,0,0,0,0
1787802063.8366928,28,-15,-33,9,21710,31145,15377,25707,3317370,3317365,3317367,3317368,0,0,0,0
1787802063.900874,39,-8,-32,11,22508,30803,14598,25991,3317400,3317395,3317397,3317398,0,0,0,0
1787802063.9369586,27,-6,-29,-1,23444,30595,13718,26213,3317430,3317425,3317427,3317428,0,0,0,0
1787802064.0011973,27,-4,-31,8,24354,30484,12768,26386,3317460,3317455,3317457,3317458,0,0,0,0
1787802064.0605733,29,-3,-32,8,25200,30346,11982,26557,3317490,3317485,3317487,3317488,0,0,0,0
1787802064.0976887,25,-2,-33,2,25933,30196,11202,26682,3317520,3317515,3317517,3317518,0,0,0,0
1787802064.1612525,24,-14,-25,11,26643,29965,10425,26854,3317550,3317545,3317547,3317548,0,0,0,0
1787802064.2105203,30,-16,-27,13,27351,29609,9756,27204,3317580,3317575,3317577,3317578,0,0,0,0
1787802064.2618804,26,-15,-30,17,28123,29191,9071,27712,3317610,3317605,3317607,3317608,0,0,0,0
1787802064.297867,28,-15,-29,8,28921,28875,8273,28095,3317640,3317635,3317637,3317638,0,0,0,0
1787802064.3664372,37,-11,-30,10,29775,28529,7523,28397,3317670,3317665,3317667,3317668,0,0,0,0
1787802064.3977964,26,-14,-33,12,30508,28162,6666,28675,3317700,3317695,3317697,3317698,0,0,0,0
1787802064.4780703,36,-11,-25,14,31444,27827,5724,29001,3317730,3317725,3317727,3317728,0,0,0,0
1787802064.4982877,27,-10,-28,11,32264,27500,5018,29350,3317760,3317755,3317757,3317758,0,0,0,0
1787802064.5601025,23,-13,-31,12,166,27125,4284,29675,3317790,3317785,3317787,3317788,0,0,0,0
1787802064.599185,26,-9,-16,9,982,26847,3472,29976,3317820,3317815,3317817,3317818,0,0,0,0
1787802064.6553278,30,-9,-26,9,1786,26685,2859,30305,3317850,3317845,3317847,3317848,0,0,0,0
1787802064.6995187,29,-12,-24,21,2504,26437,2116,30669,3317880,3317875,3317877,3317878,0,0,0,0
1787802064.7761545,26,-16,-30,17,3355,26038,1229,31066,3317910,3317905,3317907,3317908,0,0,0,0
1787802064.78427,26,-16,-29,14,4140,25632,399,31407,3317940,3317935,3317937,3317938,0,0,0,0
1787802064.847366,31,-13,-33,16,4828,25178,32383,31797,3317970,3317965,3317967,3317968,0,0,0,0
1787802064.910172,27,-16,-25,16,5723,24770,31530,32253,3318000,3317995,3317997,3317998,0,0,0,0
1787802064.9609275,29,-9,-32,17,6593,24483,30795,32584,3318030,3318025,3318027,3318028,0,0,0,0
1787802065.021547,24,-13,-20,9,7230,24182,30100,121,3318060,3318055,3318057,3318058,0,0,0,0
1787802065.0566757,17,-21,-26,21,7894,23754,29476,604,3318090,3318085,3318087,3318088,0,0,0,0
1787802065.117414,15,-18,-18,13,8391,23181,28990,1104,3318120,3318115,3318117,3318118,0,0,0,0
1787802065.1806943,15,-32,-19,26,8839,22592,28483,1737,3318150,3318145,3318147,3318148,0,0,0,0
1787802065.216014,10,-25,-12,20,9192,21962,28106,2388,3318180,3318175,3318177,3318178,0,0,0,0
1787802065.2617407,10,-25,-11,28,9461,21311,27810,3079,3318210,3318205,3318207,3318208,0,0,0,0
1787802065.318657,5,-34,-10,38,9731,20529,27575,3882,3318240,3318235,3318237,3318238,0,0,0,0
1787802065.3481226,5,-33,-10,34,9927,19566,27363,4799,3318270,3318265,3318267,3318268,0,0,0,0
1787802065.4122746,7,-26,-4,24,10118,18630,27189,5774,3318300,3318295,3318297,3318298,0,0,0,0
1787802065.4784842,8,-33,-2,30,10342,17743,27007,6669,3318330,3318325,3318327,3318328,0,0,0,0
1787802065.5108917,12,-27,-7,36,10577,17011,26793,7459,3318360,3318355,3318357,3318358,0,0,0,0
1787802065.5585275,14,-24,-14,25,10869,16259,26504,8142,3318390,3318385,3318387,3318388,0,0,0,0
1787802065.618058,11,-25,-8,29,11210,15479,26132,8825,3318420,3318415,3318417,3318418,0,0,0,0
1787802065.6526139,12,-24,-13,24,11535,14869,25788,9485,3318450,3318445,3318447,3318448,0,0,0,0
1787802065.7167177,21,-20,-19,16,11932,14260,25443,10105,3318480,3318475,3318477,3318478,0,0,0,0
1787802065.7595296,15,-16,-20,16,12538,13779,24888,10586,3318510,3318505,3318507,3318508,0,0,0,0
1787802065.8156366,27,-16,-27,18,13118,13235,24243,11114,3318540,3318535,3318537,3318538,0,0,0,0
1787802065.87994,24,-13,-37,10,13851,12824,23529,11517,3318570,3318565,3318567,3318568,0,0,0,0
1787802065.9153187,38,-3,-32,15,14645,12578,22814,11867,3318600,3318595,3318597,3318598,0,0,0,0
1787802066.0830214,33,-8,-29,6,15540,12389,22050,12266,3318630,3318625,3318627,3318628,0,0,0,0
1787802066.0899425,21,-10,-28,4,17177,11790,20231,12782,3318690,3318685,3318687,3318688,0,0,0,0
1787802066.2061758,0,-4,-5,1,17918,11132,19414,13253,3318780,3318775,3318777,3318778,0,0,0,0
1787802066.319013,7,-4,-3,2,18030,11001,19320,13353,3318840,3318835,3318837,3318838,0,0,0,0
1787802066.433205,-1,2,-5,0,18040,10993,19314,13361,3318870,3318865,3318867,3318868,0,0,0,0
1787802066.4485667,0,0,1,-4,18022,11009,19331,13347,3318930,3318925,3318927,3318928,0,0,0,0
1787802066.4803488,-5,1,3,-1,18011,11018,19338,13338,3318960,3318955,3318957,3318958,0,0,0,0
1787802066.6039577,-9,-13,-5,-6,17955,10930,19318,13300,3318990,3318985,3318987,3318988,0,0,0,0
1787802066.6153345,-1,-1,-8,-5,17837,10835,19212,13164,3319020,3319015,3319017,3319018,0,0,0,0
1787802066.7094638,-4,1,-10,-8,17728,10735,19010,12949,3319050,3319045,3319047,3319048,0,0,0,0
1787802066.7149084,1,-4,-8,-7,17638,10661,18795,12759,3319080,3319075,3319077,3319078,0,0,0,0
1787802066.8326237,-6,-5,-5,-6,17403,10400,18367,12390,3319140,3319135,3319137,3319138,0,0,0,0
1787802066.9174767,-6,-6,-4,-8,17078,10095,17989,12015,3319200,3319195,3319197,3319198,0,0,0,0
1787802067.0253751,-9,-2,-5,-13,16881,9949,17843,11829,3319230,3319225,3319227,3319228,0,0,0,0
1787802067.0253751,-12,-8,-4,-11,16423,9588,17549,11477,3319290,3319285,3319287,3319288,0,0,0,0
1787802067.122663,-1,-1,-11,-8,16065,9277,17310,11170,3319350,3319345,3319347,3319348,0,0,0,0
1787802067.2354448,-4,-4,-5,-12,15796,8959,16900,10740,3319410,3319405,3319407,3319408,0,0,0,0
1787802067.3324015,-11,-6,-13,-7,15536,8511,16399,10351,3319470,3319465,3319467,3319468,0,0,0,0
1787802067.455667,-3,-5,-5,-3,15127,8081,16111,10012,3319530,3319525,3319527,3319528,0,0,0,0
1787802067.5261312,-10,-8,-1,-9,14879,7890,16017,9835,3319560,3319555,3319557,3319558,0,0,0,0
1787802067.539507,-10,-7,-2,-8,14624,7702,15911,9664,3319590,3319585,3319587,3319588,0,0,0,0
1787802067.6433156,-6,-6,-7,-3,14240,7295,15505,9305,3319650,3319645,3319647,3319648,0,0,0,0
1787802067.7341416,-3,-6,-12,-8,14132,7106,15232,9136,3319680,3319675,3319677,3319678,0,0,0,0
1787802067.7381608,4,-4,-11,-6,14056,6962,14979,8969,3319710,3319705,3319707,3319708,0,0,0,0
1787802067.8383937,-10,-3,-3,-8,13758,6681,14570,8579,3319770,3319765,3319767,3319768,0,0,0,0
1787802067.9496896,-11,-3,-2,-6,13243,6421,14398,8208,3319830,3319825,3319827,3319828,0,0,0,0
1787802068.061212,-5,-3,-14,-6,12887,6047,13976,7889,3319890,3319885,3319887,3319888,0,0,0,0
1787802068.1444557,-8,-2,-8,-4,12759,5820,13769,7769,3319920,3319915,3319917,3319918,0,0,0,0
1787802068.1542497,-3,-6,-4,-5,12636,5588,13546,7631,3319950,3319945,3319947,3319948,0,0,0,0
1787802068.1892426,-8,-6,-4,-12,12503,5379,13280,7446,3319980,3319975,3319977,3319978,0,0,0,0
1787802068.339053,-4,-10,-9,-11,12366,5202,13036,7199,3320010,3320005,3320007,3320008,0,0,0,0
1787802068.355532,-10,-8,-4,-14,12203,5054,12841,6957,3320040,3320035,3320037,3320038,0,0,0,0
1787802068.3575366,-10,-4,-3,-8,11975,4895,12708,6742,3320070,3320065,3320067,3320068,0,0,0,0
1787802068.4777217,-8,-4,-8,-5,11488,4533,12529,6402,3320130,3320125,3320127,3320128,0,0,0,0
1787802068.5434315,-12,-4,-11,-7,10976,4126,12294,6119,3320190,3320185,3320187,3320188,0,0,0,0
1787802068.6883013,-1,-6,-14,-12,10655,3761,11841,5767,3320250,3320245,3320247,3320248,0,0,0,0
1787802068.6883013,-5,-2,-8,-6,10582,3647,11581,5562,3320280,3320275,3320277,3320278,0,0,0,0
1787802068.8798594,-5,-4,-11,-10,10509,3527,11346,5376,3320310,3320305,3320307,3320308,0,0,0,0
1787802068.8838842,-10,-9,-9,-17,10239,3225,10892,4956,3320370,3320365,3320367,3320368,0,0,0,0
1787802068.9629257,-10,-7,2,-5,9984,3046,10820,4774,3320400,3320395,3320397,3320398,0,0,0,0
1787802068.9753966,-11,-14,0,-5,9621,2779,10796,4605,3320430,3320425,3320427,3320428,0,0,0,0
1787802069.1671557,-5,-6,-13,-10,8867,1857,10204,3979,3320550,3320545,3320547,3320548,0,0,0,0
1787802069.296277,-3,-7,-14,-6,8839,1449,9538,3636,3320610,3320605,3320607,3320608,0,0,0,0
1787802069.3230405,-5,-8,-14,-2,8753,1271,9249,3458,3320640,3320635,3320637,3320638,0,0,0,0
1787802069.3810568,-12,-5,-3,-7,8585,1127,9038,3308,3320670,3320665,3320667,3320668,0,0,0,0
1787802069.4708343,-13,-6,-2,-4,8080,910,8865,3005,3320730,3320725,3320727,3320728,0,0,0,0
1787802069.566244,-5,-4,-6,-2,7418,511,8365,2294,3320820,3320815,3320817,3320818,0,0,0,0
1787802069.701264,-10,-8,-1,-11,7119,215,8007,1767,3320880,3320875,3320877,3320878,0,0,0,0
1787802069.77592,-12,-12,-3,-6,6617,32473,7846,1449,3320940,3320935,3320937,3320938,0,0,0,0
1787802069.9216402,27,-8,3,-3,6316,32205,7758,1339,3320970,3320965,3320967,3320968,0,0,0,0
1787802069.9302685,-8,-4,-6,-5,5920,31860,7539,1060,3321030,3321025,3321027,3321028,0,0,0,0
1787802069.9940705,-5,-5,-14,-6,5764,31675,7284,864,3321060,3321055,3321057,3321058,0,0,0,0
1787802070.0918987,3,-6,-9,-8,5629,31425,6729,515,3321120,3321115,3321117,3321118,0,0,0,0
1787802070.1850705,-6,-2,-9,-12,5521,31292,6439,293,3321150,3321145,3321147,3321148,0,0,0,0
1787802070.1850705,-1,-4,-8,-6,5362,31167,6184,64,3321180,3321175,3321177,3321178,0,0,0,0
1787802070.3828552,-5,-5,-9,-10,4600,30777,5513,31801,3321300,3321295,3321297,3321298,0,0,0,0
1787802070.4972537,-13,-11,-5,-4,4259,30565,5311,31410,3321360,3321355,3321357,3321358,0,0,0,0
1787802070.6036687,-11,-12,-7,-5,3630,30019,5125,31183,3321420,3321415,3321417,3321418,0,0,0,0
1787802070.743512,-3,-3,-11,-5,3313,29170,4321,30849,3321510,3321505,3321507,3321508,0,0,0,0
1787802070.816968,-1,-7,-11,-4,3259,29042,3961,30623,3321540,3321535,3321537,3321538,0,0,0,0
1787802070.9292426,-6,-1,-6,-9,3141,28971,3713,30385,3321570,3321565,3321567,3321568,0,0,0,0
1787802070.9292426,-11,-4,-7,-12,2928,28944,3546,30120,3321600,3321595,3321597,3321598,0,0,0,0
1787802070.9292426,-14,-4,-4,-15,2636,28898,3437,29802,3321630,3321625,3321627,3321628,0,0,0,0
1787802071.0174134,-11,-1,-3,-8,2387,28819,3368,29526,3321660,3321655,3321657,3321658,0,0,0,0
1787802071.0922456,-9,-16,-5,-3,2021,28433,3063,29099,3321720,3321715,3321717,3321718,0,0,0,0
1787802071.2179172,-2,-13,-7,-1,1844,28149,2850,29042,3321750,3321745,3321747,3321748,0,0,0,0
1787802071.2199273,-3,-14,-2,-5,1690,27864,2675,29031,3321780,3321775,3321777,3321778,0,0,0,0
1787802071.3274708,-17,-6,-8,-10,1019,27131,2268,28539,3321870,3321865,3321867,3321868,0,0,0,0
1787802071.4187217,-4,-1,-6,-9,802,26977,2107,28270,3321900,3321895,3321897,3321898,0,0,0,0
1787802071.499371,-2,-4,-11,-11,574,26790,1682,27876,3321960,3321955,3321957,3321958,0,0,0,0
1787802071.627975,-5,-7,-9,-6,305,26482,1131,27503,3322020,3322015,3322017,3322018,0,0,0,0
1787802071.7766743,-1,-10,-2,-9,32616,26046,635,26899,3322110,3322105,3322107,3322108,0,0,0,0
1787802071.7786837,-10,-7,-6,-4,32441,25931,454,26660,3322140,3322135,3322137,3322138,0,0,0,0
1787802071.8315685,-6,-9,-2,-5,32247,25804,307,26472,3322170,3322165,3322167,3322168,0,0,0,0
1787802071.9332829,-6,-16,-11,-3,31793,25273,32759,26329,3322230,3322225,3322227,3322228,0,0,0,0
1787802072.031049,-4,-15,9,-12,31418,24622,32501,26161,3322290,3322285,3322287,3322288,0,0,0,0
1787802072.142279,-8,-8,-22,-8,30993,24264,32182,25740,3322350,3322345,3322347,3322348,0,0,0,0
1787802072.2387624,-5,-7,-8,-6,30841,24181,31916,25507,3322380,3322375,3322377,3322378,0,0,0,0
1787802072.2435517,-5,-1,-8,-12,30746,24118,31656,25227,3322410,3322405,3322407,3322408,0,0,0,0
1787802072.3545578,2,-7,-7,-10,30652,24028,31513,25059,3322440,3322435,3322437,3322438,0,0,0,0
1787802072.359173,-5,-11,-8,-9,30508,23873,31348,24874,3322470,3322465,3322467,3322468,0,0,0,0
1787802072.3750532,-12,-5,-9,-9,30308,23618,31131,24660,3322500,3322495,3322497,3322498,0,0,0,0
1787802072.4539979,-10,-7,-4,-2,30097,23417,30950,24496,3322530,3322525,3322527,3322528,0,0,0,0
1787802072.4978683,-12,-4,-4,-4,29821,23262,30851,24376,3322560,3322555,3322557,3322558,0,0,0,0
1787802072.6503856,-8,-3,-6,-8,29561,23083,30764,24258,3322590,3322585,3322587,3322588,0,0,0,0
1787802072.653639,-11,-6,-9,-9,29413,22932,30609,24052,3322620,3322615,3322617,3322618,0,0,0,0
1787802072.6556468,-6,-6,-12,-12,29321,22754,30326,23808,3322650,3322645,3322647,3322648,0,0,0,0
1787802072.781978,-11,-8,-16,-10,29030,22285,29550,23153,3322740,3322735,3322737,3322738,0,0,0,0
1787802072.8580484,-12,-7,-5,-9,28787,22075,29373,22920,3322770,3322765,3322767,3322768,0,0,0,0
1787802073.04874,-8,-3,-6,-9,28543,21884,29246,22721,3322800,3322795,3322797,3322798,0,0,0,0
1787802073.185343,-10,-6,2,-7,27477,20699,28179,21868,3322980,3322975,3322977,3322978,0,0,0,0
1787802073.2742383,-5,-8,-6,-2,27238,20519,28001,21701,3323010,3323005,3323007,3323008,0,0,0,0
1787802073.2778666,-5,-2,-1,-5,27007,20336,27866,21530,3323040,3323035,3323037,3323038,0,0,0,0
1787802073.3942866,-1,0,-10,-10,26708,20143,27594,21037,3323100,3323095,3323097,3323098,0,0,0,0
1787802073.4729767,-7,-8,-7,-11,26595,20034,27345,20807,3323130,3323125,3323127,3323128,0,0,0,0
1787802073.5942745,-4,-9,-9,-11,26471,19862,27098,20623,3323160,3323155,3323157,3323158,0,0,0,0
1787802073.5977962,-8,-8,-10,-10,26105,19399,26794,20310,3323220,3323215,3323217,3323218,0,0,0,0
1787802073.6816294,-10,-11,-3,-7,25884,19167,26656,20115,3323250,3323245,3323247,3323248,0,0,0,0
1787802073.8779705,-10,-11,-9,-7,25681,18936,26494,19951,3323280,3323275,3323277,3323278,0,0,0,0
1787802074.0046372,-6,-7,-12,-5,24649,18003,25595,19181,3323430,3323425,3323427,3323428,0,0,0,0
1787802074.0831206,-5,-6,-5,0,24448,17772,25432,19020,3323460,3323455,3323457,3323458,0,0,0,0
1787802074.0873964,-10,-7,-5,-8,24296,17603,25285,18832,3323490,3323485,3323487,3323488,0,0,0,0
1787802074.099141,-7,-5,-6,-7,24170,17527,25123,18588,3323520,3323515,3323517,3323518,0,0,0,0
1787802074.1884952,-3,-2,-13,-8,23944,17385,24685,18010,3323580,3323575,3323577,3323578,0,0,0,0
1787802074.2868626,-11,-3,-1,-2,23818,17223,24462,17831,3323610,3323605,3323607,3323608,0,0,0,0
1787802074.29837,-9,-7,-4,-2,23654,17000,24313,17730,3323640,3323635,3323637,3323638,0,0,0,0
1787802074.4150555,-7,-4,-2,-1,23428,16689,24220,17630,3323670,3323665,3323667,3323668,0,0,0,0
1787802074.4941669,-14,-9,-3,-3,22790,16166,24091,17375,3323730,3323725,3323727,3323728,0,0,0,0
1787802074.6140645,-6,-9,-15,-10,22124,15480,23653,16988,3323820,3323815,3323817,3323818,0,0,0,0
1787802074.7003849,-1,-5,-20,-11,22058,15301,23324,16778,3323850,3323845,3323847,3323848,0,0,0,0
1787802074.7992232,-6,-1,-11,-6,21994,15171,23024,16538,3323880,3323875,3323877,3323878,0,0,0,0
1787802074.816051,-13,-5,-4,-4,21705,14989,22641,16134,3323940,3323935,3323937,3323938,0,0,0,0
1787802074.901279,-4,-4,-9,-12,21484,14887,22518,15865,3323970,3323965,3323967,3323968,0,0,0,0
1787802074.959473,-6,-6,-3,-9,21293,14801,22380,15570,3324000,3323995,3323997,3323998,0,0,0,0
1787802074.9614844,-5,-7,-8,-8,21135,14691,22214,15297,3324030,3324025,3324027,3324028,0,0,0,0
1787802075.0975378,0,-12,-10,-4,20811,14244,21799,14963,3324090,3324085,3324087,3324088,0,0,0,0
1787802075.3148468,-8,-8,-11,-9,19733,12951,21008,14382,3324240,3324235,3324237,3324238,0,0,0,0
1787802075.4047055,-2,0,-5,-11,19615,12853,20785,14120,3324270,3324265,3324267,3324268,0,0,0,0
1787802075.4146547,-7,-4,-7,-5,19493,12793,20542,13865,3324300,3324295,3324297,3324298,0,0,0,0
1787802075.4505436,-7,-4,-7,-7,19348,12734,20320,13637,3324330,3324325,3324327,3324328,0,0,0,0
1787802075.5148563,-10,-3,-5,-6,19141,12635,20177,13424,3324360,3324355,3324357,3324358,0,0,0,0
1787802075.6365232,-6,-6,0,-1,18684,12272,19984,13121,3324420,3324415,3324417,3324418,0,0,0,0
1787802075.7148893,-3,4,3,0,18689,12292,19984,13114,3324450,3324445,3324447,3324448,0,0,0,0
1787802075.829015,5,-3,0,-1,18688,12334,20007,13100,3324510,3324505,3324507,3324508,0,0,0,0
1787802075.8450303,2,-1,1,0,18684,12359,20024,13089,3324570,3324565,3324567,3324568,0,0,0,0
1787802075.9240718,1,-2,-3,-2,18684,12361,20028,13085,3324600,3324595,3324597,3324598,0,0,0,0
1787802076.1323407,-5,-2,-3,4,18684,12365,20029,13083,3324720,3324715,3324717,3324718,0,0,0,0
1787802076.137421,-3,5,1,5,18686,12369,20032,13084,3324750,3324745,3324747,3324748,0,0,0,0
1787802076.2532556,15,2,-6,-2,18790,12372,19978,13079,3324810,3324805,3324807,3324808,0,0,0,0
1787802076.3314285,32,-14,-73,13,19693,12199,19047,13295,3324840,3324835,3324837,3324838,0,0,0,0
1787802076.3314285,26,-18,-28,7,20697,12012,17633,13619,3324870,3324865,3324867,3324868,0,0,0,0
1787802076.4428966,19,-8,-24,11,21386,11706,16930,13864,3324900,3324895,3324897,3324898,0,0,0,0
1787802076.4588976,12,-11,-9,7,21814,11428,16493,14162,3324930,3324925,3324927,3324928,0,0,0,0
1787802076.5378647,27,-20,-14,5,22101,11074,16191,14422,3324960,3324955,3324957,3324958,0,0,0,0
1787802076.6627464,18,-17,-26,15,23831,9988,14326,15359,3325050,3325045,3325047,3325048,0,0,0,0
1787802076.746319,11,-12,-7,14,24260,9662,13915,15763,3325080,3325075,3325077,3325078,0,0,0,0
1787802076.7603803,15,-13,-16,21,24597,9365,13622,16098,3325110,3325105,3325107,3325108,0,0,0,0
1787802076.8780851,30,-14,-28,17,25201,9074,13095,16491,3325140,3325135,3325137,3325138,0,0,0,0
1787802076.899482,16,-18,-19,10,26488,8303,11863,17196,3325200,3325195,3325197,3325198,0,0,0,0
1787802076.956846,6,-10,-12,11,26826,7956,11450,17430,3325230,3325225,3325227,3325228,0,0,0,0
1787802077.058619,20,-14,-15,15,27706,7353,10683,18127,3325290,3325285,3325287,3325288,0,0,0,0
1787802077.100235,20,-19,-21,13,28214,6931,10180,18559,3325320,3325315,3325317,3325318,0,0,0,0
1787802077.1611955,21,4,-26,3,28805,6525,9529,18985,3325350,3325345,3325347,3325348,0,0,0,0
1787802077.3650558,7,-8,-15,17,30060,5399,8292,20127,3325440,3325435,3325437,3325438,0,0,0,0
1787802077.3717182,16,-22,-15,19,30449,4971,7917,20624,3325470,3325465,3325467,3325468,0,0,0,0
1787802077.4382865,27,-21,-23,18,31071,4464,7427,21148,3325500,3325495,3325497,3325498,0,0,0,0
1787802077.490306,19,-13,-21,22,31661,3862,6835,21734,3325530,3325525,3325527,3325528,0,0,0,0
1787802077.5006354,9,-12,-17,16,32108,3402,6356,22127,3325560,3325555,3325557,3325558,0,0,0,0
1787802077.573998,9,-9,-11,16,32433,3108,5998,22448,3325590,3325585,3325587,3325588,0,0,0,0
1787802077.671366,16,-21,-16,18,0,2662,5652,22876,3325620,3325615,3325617,3325618,0,0,0,0
1787802077.6901088,24,-23,-22,16,583,2128,5157,23402,3325650,3325645,3325647,3325648,0,0,0,0
1787802077.700915,13,-25,-23,20,1178,1513,4531,24037,3325680,3325675,3325677,3325678,0,0,0,0
1787802077.7765062,15,-11,-20,15,1638,1002,3953,24573,3325710,3325705,3325707,3325708,0,0,0,0
1787802077.815059,13,-13,-9,11,1997,636,3580,24969,3325740,3325735,3325737,3325738,0,0,0,0
1787802077.971592,8,-19,-13,14,2272,213,3275,25329,3325770,3325765,3325767,3325768,0,0,0,0
1787802077.971592,17,-23,-20,31,3401,31808,2263,26502,3325830,3325825,3325827,3325828,0,0,0,0
1787802078.1773324,11,-16,-15,17,3869,31214,1788,27167,3325860,3325855,3325857,3325858,0,0,0,0
1787802078.1773324,20,-23,-16,20,4950,29926,688,28404,3325950,3325945,3325947,3325948,0,0,0,0
1787802078.2816162,20,-22,-17,22,5533,29178,136,29085,3325980,3325975,3325977,3325978,0,0,0,0
1787802078.295598,18,-20,-16,27,5994,28517,32421,29791,3326010,3326005,3326007,3326008,0,0,0,0
1787802078.2998095,15,-19,-9,10,6433,28030,32033,30328,3326040,3326035,3326037,3326038,0,0,0,0
1787802078.4331422,18,-26,-23,18,7166,27123,31332,31190,3326100,3326095,3326097,3326098,0,0,0,0
1787802078.4898133,22,-25,-23,28,7801,26500,30789,31833,3326130,3326125,3326127,3326128,0,0,0,0
1787802078.5078979,16,-23,-16,17,8329,25901,30208,32492,3326160,3326155,3326157,3326158,0,0,0,0
1787802078.5954835,11,-26,-10,27,9086,24685,29295,846,3326220,3326215,3326217,3326218,0,0,0,0
1787802078.7952895,19,-22,-15,16,10128,23609,28401,2058,3326280,3326275,3326277,3326278,0,0,0,0
1787802078.797853,17,-17,-16,17,10550,23162,27967,2545,3326310,3326305,3326307,3326308,0,0,0,0
1787802078.920738,12,-25,-7,15,11882,21391,26632,4390,3326400,3326395,3326397,3326398,0,0,0,0
1787802078.9981284,19,-17,-20,28,12389,20848,26090,4926,3326430,3326425,3326427,3326428,0,0,0,0
1787802079.40396,16,-26,-11,13,12828,20267,25647,5583,3326460,3326455,3326457,3326458,0,0,0,0
1787802079.4113178,8,-14,-11,6,16130,16900,22448,8955,3326700,3326695,3326697,3326698,0,0,0,0
1787802079.4180946,3,-10,-8,8,16357,16615,22205,9199,3326730,3326725,3326727,3326728,0,0,0,0
1787802079.529334,9,0,-9,6,16542,16416,22056,9391,3326760,3326755,3326757,3326758,0,0,0,0
1787802079.5389152,11,0,5,8,16774,16368,22039,9635,3326790,3326785,3326787,3326788,0,0,0,0
1787802079.607933,6,1,9,7,17173,16420,22237,10173,3326850,3326845,3326847,3326848,0,0,0,0
1787802079.7218347,1,10,6,7,17299,16572,22465,10366,3326880,3326875,3326877,3326878,0,0,0,0
1787802079.7361941,3,7,8,0,17384,16814,22738,10469,3326910,3326905,3326907,3326908,0,0,0,0
1787802079.8177924,5,8,5,8,17633,17367,23223,10637,3326970,3326965,3326967,3326968,0,0,0,0
1787802079.8867722,11,7,6,7,17831,17575,23385,10757,3327000,3326995,3326997,3326998,0,0,0,0
1787802080.0231972,3,3,6,10,18409,17938,23601,11180,3327060,3327055,3327057,3327058,0,0,0,0
1787802080.1487348,-1,5,14,1,18881,18323,24228,11952,3327150,3327145,3327147,3327148,0,0,0,0
1787802080.1825774,1,2,14,9,18968,18446,24508,12205,3327180,3327175,3327177,3327178,0,0,0,0
1787802080.2387338,4,4,8,7,19102,18592,24737,12416,3327210,3327205,3327207,3327208,0,0,0,0
1787802080.302752,2,8,9,-2,19320,18789,24958,12584,3327240,3327235,3327237,3327238,0,0,0,0
1787802080.426386,7,11,7,5,19593,19053,25146,12710,3327270,3327265,3327267,3327268,0,0,0,0
1787802080.4343247,11,11,6,6,19825,19338,25276,12796,3327300,3327295,3327297,3327298,0,0,0,0
1787802080.4402544,9,4,3,7,20053,19583,25391,12895,3327330,3327325,3327327,3327328,0,0,0,0
1787802080.637583,3,3,8,8,20492,19946,25670,13223,3327390,3327385,3327387,3327388,0,0,0,0
1787802080.7542787,6,3,3,11,20995,20445,26695,14263,3327510,3327505,3327507,3327508,0,0,0,0
1787802080.958189,8,9,8,0,21738,21161,27102,14686,3327600,3327595,3327597,3327598,0,0,0,0
1787802081.0562048,6,4,4,5,22189,21609,27390,14931,3327660,3327655,3327657,3327658,0,0,0,0
1787802081.0562048,7,9,2,2,22395,21809,27617,15072,3327690,3327685,3327687,3327688,0,0,0,0
1787802081.1700854,4,7,16,7,22672,22145,28082,15448,3327750,3327745,3327747,3327748,0,0,0,0
1787802081.182952,6,2,8,13,22793,22284,28341,15746,3327780,3327775,3327777,3327778,0,0,0,0
1787802081.2477317,8,4,4,9,22949,22460,28573,15990,3327810,3327805,3327807,3327808,0,0,0,0
1787802081.3389134,7,7,-1,8,23350,22872,28899,16318,3327870,3327865,3327867,3327868,0,0,0,0
1787802081.456833,12,4,2,6,23924,23259,29091,16697,3327930,3327925,3327927,3327928,0,0,0,0
1787802081.5708656,7,4,6,6,24322,23531,29341,17127,3327990,3327985,3327987,3327988,0,0,0,0
1787802081.6506095,6,5,11,11,24407,23645,29582,17318,3328020,3328015,3328017,3328018,0,0,0,0
1787802081.8613417,1,11,10,4,24466,23831,29969,17503,3328050,3328045,3328047,3328048,0,0,0,0
1787802081.8751304,15,10,4,8,25180,24728,30892,18129,3328170,3328165,3328167,3328168,0,0,0,0
1787802081.981641,12,4,-3,6,25854,25150,30930,18520,3328230,3328225,3328227,3328228,0,0,0,0
1787802082.063694,5,7,2,3,26075,25349,31042,18657,3328260,3328255,3328257,3328258,0,0,0,0
1787802082.0756772,1,7,9,7,26247,25556,31246,18804,3328290,3328285,3328287,3328288,0,0,0,0
1787802082.1878943,4,2,8,7,26468,25909,31776,19233,3328350,3328345,3328347,3328348,0,0,0,0
1787802082.2197814,4,8,7,11,26599,26059,32043,19482,3328380,3328375,3328377,3328378,0,0,0,0
1787802082.2769678,5,6,4,7,26756,26200,32270,19704,3328410,3328405,3328407,3328408,0,0,0,0
1787802082.4676323,8,1,9,4,27496,26813,278,20515,3328530,3328525,3328527,3328528,0,0,0,0
1787802082.6837323,10,10,3,6,27740,27063,518,20688,3328560,3328555,3328557,3328558,0,0,0,0
1787802082.6837323,6,10,3,9,28181,27643,766,20911,3328620,3328615,3328617,3328618,0,0,0,0
1787802082.6999304,9,10,0,8,28431,27850,861,21073,3328650,3328645,3328647,3328648,0,0,0,0
1787802082.8128896,4,7,6,7,28869,28093,1107,21507,3328710,3328705,3328707,3328708,0,0,0,0
1787802082.814093,1,0,11,12,28985,28173,1293,21716,3328740,3328735,3328737,3328738,0,0,0,0
1787802082.8992746,1,5,12,10,29102,28292,1605,21982,3328770,3328765,3328767,3328768,0,0,0,0
1787802083.014422,5,7,15,5,29343,28615,2150,22461,3328830,3328825,3328827,3328828,0,0,0,0
1787802083.020719,6,7,9,3,29699,29039,2512,22828,3328890,3328885,3328887,3328888,0,0,0,0
1787802083.099327,5,3,9,5,29893,29263,2713,22970,3328920,3328915,3328917,3328918,0,0,0,0
1787802083.2110133,11,3,6,2,30262,29664,3115,23275,3328980,3328975,3328977,3328978,0,0,0,0
1787802083.2269683,4,-5,2,12,30411,29770,3334,23515,3329010,3329005,3329007,3329008,0,0,0,0
1787802083.2955096,4,-3,6,10,30559,29806,3476,23779,3329040,3329035,3329037,3329038,0,0,0,0
1787802083.359725,8,2,5,16,30785,29842,3639,24144,3329070,3329065,3329067,3329068,0,0,0,0
1787802083.4839697,12,3,7,6,31279,30133,4020,24601,3329130,3329125,3329127,3329128,0,0,0,0
1787802083.6111374,8,12,12,4,31765,30999,4648,24818,3329220,3329215,3329217,3329218,0,0,0,0
1787802083.6977644,0,5,10,7,31929,31254,4845,24968,3329250,3329245,3329247,3329248,0,0,0,0
1787802083.7134962,10,2,8,16,32108,31421,5079,25266,3329280,3329275,3329277,3329278,0,0,0,0
1787802083.813092,4,1,12,10,32385,31571,5553,25836,3329340,3329335,3329337,3329338,0,0,0,0
1787802083.828891,8,2,2,9,32539,31637,5718,26110,3329370,3329365,3329367,3329368,0,0,0,0
1787802083.9163635,9,3,1,10,32737,31730,5865,26385,3329400,3329395,3329397,3329398,0,0,0,0
1787802084.0371082,7,13,3,-1,531,32145,6116,26700,3329460,3329455,3329457,3329458,0,0,0,0
1787802084.1169689,6,13,6,-2,798,32442,6274,26750,3329490,3329485,3329487,3329488,0,0,0,0
1787802084.1169689,6,9,5,1,968,32682,6473,26762,3329520,3329515,3329517,3329518,0,0,0,0
1787802084.2355645,5,11,11,5,1230,602,6945,26849,3329580,3329575,3329577,3329578,0,0,0,0
1787802084.3209705,1,5,4,-2,1369,904,7173,26925,3329610,3329605,3329607,3329608,0,0,0,0
1787802084.337102,7,12,3,4,1508,1100,7286,26961,3329640,3329635,3329637,3329638,0,0,0,0
1787802084.4585936,6,1,3,12,1993,1490,7633,27442,3329700,3329695,3329697,3329698,0,0,0,0
1787802084.4955084,10,-1,4,15,2207,1542,7701,27734,3329730,3329725,3329727,3329728,0,0,0,0
1787802084.4987202,13,-3,1,13,2437,1585,7821,28043,3329760,3329755,3329757,3329758,0,0,0,0
1787802084.735467,8,7,13,3,3103,1660,8319,29049,3329850,3329845,3329847,3329848,0,0,0,0
1787802084.739217,4,6,5,4,3281,1834,8546,29201,3329880,3329875,3329877,3329878,0,0,0,0
1787802084.858791,4,14,12,-1,3689,2445,8954,29291,3329940,3329935,3329937,3329938,0,0,0,0
1787802084.9334402,4,6,2,0,4124,3129,9302,29415,3330000,3329995,3329997,3329998,0,0,0,0
1787802085.1413267,4,6,4,9,4488,3463,9598,29798,3330060,3330055,3330057,3330058,0,0,0,0
1787802085.1479802,4,-1,2,15,4780,3597,10055,30442,3330120,3330115,3330117,3330118,0,0,0,0
1787802085.2726834,9,-1,-3,10,5126,3691,10438,31101,3330180,3330175,3330177,3330178,0,0,0,0
1787802085.2801235,5,8,9,2,5295,3810,10610,31306,3330210,3330205,3330207,3330208,0,0,0,0
1787802085.3606658,0,9,11,6,5443,4016,10862,31442,3330240,3330235,3330237,3330238,0,0,0,0
1787802085.4609818,11,7,7,0,5934,4991,11662,31536,3330330,3330325,3330327,3330328,0,0,0,0
1787802085.4753428,11,4,5,7,6237,5259,11754,31643,3330360,3330355,3330357,3330358,0,0,0,0
1787802085.5375664,12,4,4,7,6543,5421,11831,31865,3330390,3330385,3330387,3330388,0,0,0,0
1787802085.6384072,9,4,8,7,6907,5635,12154,32457,3330450,3330445,3330447,3330448,0,0,0,0
1787802085.7557123,7,10,15,4,7138,5912,12678,173,3330510,3330505,3330507,3330508,0,0,0,0
1787802085.9667506,8,5,3,4,8059,6605,13214,923,3330630,3330625,3330627,3330628,0,0,0,0
1787802085.978101,6,9,7,2,8305,6800,13404,1094,3330660,3330655,3330657,3330658,0,0,0,0
1787802086.0715468,8,10,11,2,8505,7002,13649,1263,3330690,3330685,3330687,3330688,0,0,0,0
1787802086.0913053,5,9,7,7,8690,7236,13907,1421,3330720,3330715,3330717,3330718,0,0,0,0
1787802086.1194997,11,6,10,6,8866,7501,14142,1559,3330750,3330745,3330747,3330748,0,0,0,0
1787802086.1742795,-1,5,9,0,9031,7738,14330,1667,3330780,3330775,3330777,3330778,0,0,0,0
1787802086.2484887,4,6,8,6,9209,7939,14497,1816,3330810,3330805,3330807,3330808,0,0,0,0
1787802086.370931,11,9,3,12,9806,8440,14940,2358,3330900,3330895,3330897,3330898,0,0,0,0
1787802086.4654586,8,8,1,9,10047,8664,15134,2596,3330930,3330925,3330927,3330928,0,0,0,0
1787802086.4705267,3,5,10,7,10200,8814,15355,2851,3330960,3330955,3330957,3330958,0,0,0,0
1787802086.518097,4,5,7,9,10315,8897,15559,3106,3330990,3330985,3330987,3330988,0,0,0,0
1787802086.5689409,7,0,9,11,10437,8967,15813,3367,3331020,3331015,3331017,3331018,0,0,0,0
1787802086.617493,4,8,9,6,10567,9063,16043,3625,3331050,3331045,3331047,3331048,0,0,0,0
1787802086.772428,3,6,10,7,10819,9298,16496,4116,3331110,3331105,3331107,3331108,0,0,0,0
1787802086.7806115,2,8,9,2,10973,9507,16723,4236,3331140,3331135,3331137,3331138,0,0,0,0
1787802086.9891355,9,5,1,2,11748,10367,17199,4534,3331230,3331225,3331227,3331228,0,0,0,0
1787802087.0000575,10,5,6,1,11988,10550,17292,4623,3331260,3331255,3331257,3331258,0,0,0,0
1787802087.1121738,10,10,2,7,12262,10775,17380,4754,3331290,3331285,3331287,3331288,0,0,0,0
1787802087.183486,7,7,6,9,12656,11169,17719,5240,3331350,3331345,3331347,3331348,0,0,0,0
1787802087.1912045,11,6,10,16,12762,11262,17981,5521,3331380,3331375,3331377,3331378,0,0,0,0
1787802087.3889554,8,5,8,5,12875,11355,18274,5766,3331410,3331405,3331407,3331408,0,0,0,0
1787802087.3889554,4,7,8,6,13166,11625,18682,6164,3331470,3331465,3331467,3331468,0,0,0,0
1787802087.3889554,7,7,8,5,13359,11810,18888,6352,3331500,3331495,3331497,3331498,0,0,0,0
1787802087.4701257,9,10,5,7,13589,12055,19100,6512,3331530,3331525,3331527,3331528,0,0,0,0
1787802087.4982753,6,11,13,5,13817,12332,19332,6665,3331560,3331555,3331557,3331558,0,0,0,0
1787802087.5943935,4,9,6,2,14017,12564,19516,6790,3331590,3331585,3331587,3331588,0,0,0,0
1787802087.7188022,9,5,6,8,14772,13079,19847,7275,3331680,3331675,3331677,3331678,0,0,0,0
1787802087.8082376,1,6,3,9,14970,13229,19973,7531,3331710,3331705,3331707,3331708,0,0,0,0
1787802087.9316347,4,10,3,7,15356,13727,20669,8136,3331800,3331795,3331797,3331798,0,0,0,0
1787802088.011467,4,9,2,0,15485,13925,20932,8289,3331830,3331825,3331827,3331828,0,0,0,0
1787802088.1454751,6,6,8,2,16064,14594,21586,8787,3331920,3331915,3331917,3331918,0,0,0,0
1787802088.1546571,7,5,6,-1,16245,14780,21733,8958,3331950,3331945,3331947,3331948,0,0,0,0
1787802088.2182486,5,-1,8,4,16413,14929,21900,9139,3331980,3331975,3331977,3331978,0,0,0,0
1787802088.3294938,-2,5,-2,1,16450,14942,22010,9241,3332040,3332035,3332037,3332038,0,0,0,0
1787802088.415881,1,0,4,2,16443,14944,22013,9232,3332070,3332065,3332067,3332068,0,0,0,0
1787802088.419457,0,3,-2,1,16423,14951,22021,9220,3332100,3332095,3332097,3332098,0,0,0,0
1787802088.4891286,1,-6,-3,-1,16412,14964,22033,9207,3332130,3332125,3332127,3332128,0,0,0,0
1787802088.5361538,-5,2,-3,1,16401,14975,22045,9196,3332160,3332155,3332157,3332158,0,0,0,0
1787802088.615748,3,-1,0,-2,16393,14979,22048,9189,3332190,3332185,3332187,3332188,0,0,0,0
1787802088.6398804,3,2,4,2,16391,14983,22051,9188,3332220,3332215,3332217,3332218,0,0,0,0
1787802088.7206004,-1,-5,-4,0,16392,14979,22049,9189,3332250,3332245,3332247,3332248,0,0,0,0
1787802088.7377415,1,0,2,-3,16396,14978,22047,9192,3332280,3332275,3332277,3332278,0,0,0,0
1787802088.7791803,-1,0,2,1,16395,14973,22044,9193,3332310,3332305,3332307,3332308,0,0,0,0
1787802088.8285394,0,-6,4,0,16395,14975,22046,9193,3332340,3332335,3332337,3332338,0,0,0,0
1787802088.9188857,0,2,0,2,16395,14973,22046,9192,3332400,3332395,3332397,3332398,0,0,0,0
1787802089.0367098,-5,-2,-1,-1,16396,14968,22041,9195,3332490,3332485,3332487,3332488,0,0,0,0
1787802089.1402936,-1,3,-1,-2,16397,14967,22041,9195,3332520,3332515,3332517,3332518,0,0,0,0
1787802089.1402936,2,1,0,-2,16396,14968,22041,9194,3332550,3332545,3332547,3332548,0,0,0,0
1787802089.2358031,-3,-4,1,-1,16394,14969,22043,9194,3332580,3332575,3332577,3332578,0,0,0,0
1787802089.2358031,-5,0,1,1,16393,14971,22045,9192,3332610,3332605,3332607,3332608,0,0,0,0
1787802089.351261,0,-2,4,0,16392,14971,22045,9191,3332640,3332635,3332637,3332638,0,0,0,0
1787802089.3718474,-3,-4,-3,-3,16331,14919,21995,9129,3332670,3332665,3332667,3332668,0,0,0,0
1787802089.3738613,-2,-4,-1,8,16280,14894,21922,9038,3332700,3332695,3332697,3332698,0,0,0,0
1787802089.4882567,-4,-3,-4,-8,16177,14833,21785,8848,3332730,3332725,3332727,3332728,0,0,0,0
1787802089.4948063,-8,-7,-5,-12,16036,14755,21558,8555,3332760,3332755,3332757,3332758,0,0,0,0
1787802089.5570464,-11,0,-5,-7,15947,14719,21320,8291,3332790,3332785,3332787,3332788,0,0,0,0
1787802089.6624513,-1,-5,-8,-13,15763,14521,20821,7888,3332850,3332845,3332847,3332848,0,0,0,0
1787802089.7656174,-13,-8,-4,-6,15659,14317,20539,7639,3332880,3332875,3332877,3332878,0,0,0,0
1787802089.7795486,-10,-15,-5,-4,15470,14067,20293,7480,3332910,3332905,3332907,3332908,0,0,0,0
1787802089.8503757,-5,-8,-5,-12,15237,13801,20093,7333,3332940,3332935,3332937,3332938,0,0,0,0
1787802089.8571656,-4,-9,-13,-5,15093,13520,19938,7254,3332970,3332965,3332967,3332968,0,0,0,0
1787802089.9730573,-2,-12,-5,-1,14986,13241,19760,7154,3333000,3332995,3332997,3332998,0,0,0,0
1787802089.9795718,-9,-11,-10,-6,14904,13005,19542,6988,3333030,3333025,3333027,3333028,0,0,0,0
1787802090.0565054,-10,-5,-7,-11,14790,12833,19281,6791,3333060,3333055,3333057,3333058,0,0,0,0
1787802090.0608068,-14,0,-5,-9,14616,12723,19062,6565,3333090,3333085,3333087,3333088,0,0,0,0
1787802090.1686895,-12,-4,-5,-13,14346,12619,18919,6297,3333120,3333115,3333117,3333118,0,0,0,0
1787802090.1757379,-11,-8,-5,-6,14065,12512,18835,6061,3333150,3333145,3333147,3333148,0,0,0,0
1787802090.2604449,-9,-5,-2,0,13797,12363,18732,5873,3333180,3333175,3333177,3333178,0,0,0,0
1787802090.3846369,-5,-3,-7,-8,13581,12234,18593,5724,3333210,3333205,3333207,3333208,0,0,0,0
1787802090.3903162,-8,-5,-15,-11,13388,12070,18208,5366,3333270,3333265,3333267,3333268,0,0,0,0
1787802090.3975356,-2,-9,-10,-7,13265,11872,17859,5097,3333300,3333295,3333297,3333298,0,0,0,0
1787802090.4815617,-4,-7,-6,-6,13144,11678,17574,4857,3333330,3333325,3333327,3333328,0,0,0,0
1787802090.5512516,-6,0,-11,-11,12948,11487,17380,4646,3333360,3333355,3333357,3333358,0,0,0,0
1787802090.5575948,-7,-18,-1,-8,12713,11250,17264,4480,3333390,3333385,3333387,3333388,0,0,0,0
1787802090.599315,-5,-8,-1,-6,12443,10965,17206,4346,3333420,3333415,3333417,3333418,0,0,0,0
1787802090.6767364,-9,-10,-5,-8,12166,10726,17145,4210,3333450,3333445,3333447,3333448,0,0,0,0
1787802090.7819898,-9,-5,-9,-6,11750,10323,16825,3859,3333510,3333505,3333507,3333508,0,0,0,0
1787802090.8020723,-3,-5,-7,-7,11626,10165,16587,3667,3333540,3333535,3333537,3333538,0,0,0,0
1787802090.8622313,4,-4,-5,-5,11522,10036,16372,3482,3333570,3333565,3333567,3333568,0,0,0,0
1787802090.9609082,-11,-10,-9,-14,11377,9903,16171,3297,3333600,3333595,3333597,3333598,0,0,0,0
1787802090.9776871,-5,-8,-6,-11,11161,9707,15947,3127,3333630,3333625,3333627,3333628,0,0,0,0
1787802091.0834637,-7,-14,-11,-4,10845,9330,15602,2948,3333690,3333685,3333687,3333688,0,0,0,0
1787802091.2007377,-4,-5,-9,-5,10687,9110,15354,2823,3333720,3333715,3333717,3333718,0,0,0,0
1787802091.216905,-2,-9,-14,-5,10500,8763,14874,2406,3333780,3333775,3333777,3333778,0,0,0,0
1787802091.40291,-1,-11,-5,-5,10272,8590,14451,1757,3333840,3333835,3333837,3333838,0,0,0,0
1787802091.4171195,-13,-10,-10,-15,9927,8295,14049,1226,3333900,3333895,3333897,3333898,0,0,0,0
1787802091.4922051,-7,-10,-5,-4,9725,8049,13789,1072,3333930,3333925,3333927,3333928,0,0,0,0
1787802091.568886,-8,-7,-5,-1,9544,7814,13601,1017,3333960,3333955,3333957,3333958,0,0,0,0
1787802091.62248,-2,-8,-4,-6,9168,7241,13210,857,3334020,3334015,3334017,3334018,0,0,0,0
1787802091.7023969,-6,-6,-7,-6,8970,7017,13061,743,3334050,3334045,3334047,3334048,0,0,0,0
1787802091.818221,-6,-4,-8,-10,8547,6754,12745,353,3334110,3334105,3334107,3334108,0,0,0,0
1787802091.818221,-9,-11,-7,-13,8373,6644,12567,110,3334140,3334135,3334137,3334138,0,0,0,0
1787802091.9028327,-4,-5,-11,-15,8099,6508,12165,32341,3334200,3334195,3334197,3334198,0,0,0,0
1787802092.111849,2,2,-13,-7,7792,6081,11476,31600,3334290,3334285,3334287,3334288,0,0,0,0
1787802092.111849,-2,-10,-9,-4,7669,5787,11210,31511,3334320,3334315,3334317,3334318,0,0,0,0
1787802092.230684,-11,-11,-4,-5,7200,5292,10916,31332,3334380,3334375,3334377,3334378,0,0,0,0
1787802092.23744,-16,-7,-1,-15,6882,5022,10867,31176,3334410,3334405,3334407,3334408,0,0,0,0
1787802092.3234587,-9,-9,-2,-9,6568,4802,10842,31007,3334440,3334435,3334437,3334438,0,0,0,0
1787802092.4268918,-3,-2,-8,-5,6055,4506,10565,30588,3334500,3334495,3334497,3334498,0,0,0,0
1787802092.4586082,-2,-1,-14,-9,5971,4373,10285,30367,3334530,3334525,3334527,3334528,0,0,0,0
1787802092.5226617,-2,-2,-22,-3,5947,4220,9954,30193,3334560,3334555,3334557,3334558,0,0,0,0
1787802092.5849068,0,-3,-9,-8,5926,4080,9696,30090,3334590,3334585,3334587,3334588,0,0,0,0
1787802092.6027877,-6,-5,-11,-12,5842,3936,9469,29930,3334620,3334615,3334617,3334618,0,0,0,0
1787802092.7209337,0,-6,-10,-7,5628,3715,9010,29328,3334680,3334675,3334677,3334678,0,0,0,0
1787802092.8352923,-6,-7,-7,-6,5508,3621,8793,29108,3334710,3334705,3334707,3334708,0,0,0,0
1787802092.8521612,-9,-4,-3,-9,5187,3313,8320,28721,3334770,3334765,3334767,3334768,0,0,0,0
1787802092.9952197,-11,-14,-4,-9,4752,2821,8027,28371,3334830,3334825,3334827,3334828,0,0,0,0
1787802093.0142868,-11,-9,-10,-4,4506,2529,7883,28170,3334860,3334855,3334857,3334858,0,0,0,0
1787802093.1240728,-6,-2,-1,-6,4289,2322,7747,28009,3334890,3334885,3334887,3334888,0,0,0,0
1787802093.1402109,-4,-3,-15,-3,4097,2175,7617,27855,3334920,3334915,3334917,3334918,0,0,0,0
1787802093.1669092,-5,-11,-9,-6,3916,2017,7436,27693,3334950,3334945,3334947,3334948,0,0,0,0
1787802093.3182364,-8,-14,-6,-6,3769,1818,7175,27502,3334980,3334975,3334977,3334978,0,0,0,0
1787802093.3182364,-4,-10,-10,-11,3554,1455,6690,27139,3335040,3335035,3335037,3335038,0,0,0,0
1787802093.5259473,-6,-8,-11,-6,3386,1291,6464,26938,3335070,3335065,3335067,3335068,0,0,0,0
1787802093.5259473,-3,-7,-3,-6,2574,718,5852,26293,3335190,3335185,3335187,3335188,0,0,0,0
1787802093.6651795,-4,-11,-8,-10,2458,507,5621,26065,3335220,3335215,3335217,3335218,0,0,0,0
1787802093.668547,-4,-10,-8,-7,2176,171,5172,25572,3335280,3335275,3335277,3335278,0,0,0,0
1787802093.79532,-8,-8,-4,-5,1951,32766,5006,25354,3335310,3335305,3335307,3335308,0,0,0,0
1787802093.9511871,-8,-6,-6,-3,1397,32338,4832,25073,3335370,3335365,3335367,3335368,0,0,0,0
1787802093.9511871,-6,-15,-6,-3,1209,32043,4708,25016,3335400,3335395,3335397,3335398,0,0,0,0
1787802093.9609437,-9,-7,-9,-4,1066,31771,4541,24935,3335430,3335425,3335427,3335428,0,0,0,0
1787802094.0659776,-4,-5,-13,-9,944,31565,4304,24765,3335460,3335455,3335457,3335458,0,0,0,0
1787802094.0836854,-10,-4,-10,-10,828,31435,4042,24572,3335490,3335485,3335487,3335488,0,0,0,0
1787802094.148483,-8,-5,-7,-5,679,31343,3837,24371,3335520,3335515,3335517,3335518,0,0,0,0
1787802094.1609433,-9,-4,-9,-13,480,31249,3649,24144,3335550,3335545,3335547,3335548,0,0,0,0
1787802094.2720203,-7,-7,-14,-7,265,31126,3473,23838,3335580,3335575,3335577,3335578,0,0,0,0
1787802094.2801845,-8,-8,-2,-2,89,30960,3316,23640,3335610,3335605,3335607,3335608,0,0,0,0
1787802094.35977,-6,-11,-4,-9,32557,30570,3015,23344,3335670,3335665,3335667,3335668,0,0,0,0
1787802094.4734342,-6,-5,-7,-5,32423,30368,2788,23165,3335700,3335695,3335697,3335698,0,0,0,0
1787802094.5520556,-13,-7,-3,-8,31906,29860,2186,22520,3335790,3335785,3335787,3335788,0,0,0,0
1787802094.6999013,-8,-10,0,-1,31296,29071,1730,22169,3335880,3335875,3335877,3335878,0,0,0,0
1787802094.7117457,-8,-10,0,-1,31296,29071,1730,22169,3335880,3335875,3335877,3335878,0,0,0,0
1787802094.8768258,-6,-5,-12,-6,30854,28661,1396,21968,3335940,3335935,3335937,3335938,0,0,0,0
1787802094.9011652,-5,-5,-9,-12,30540,28395,967,21570,3336000,3335995,3335997,3335998,0,0,0,0
1787802094.9719403,-2,1,-5,-13,30414,28303,752,21281,3336030,3336025,3336027,3336028,0,0,0,0
1787802095.0381708,-7,-2,-5,-9,30259,28186,558,21017,3336060,3336055,3336057,3336058,0,0,0,0
1787802095.0514753,-12,-5,-3,-8,30075,28054,412,20845,3336090,3336085,3336087,3336088,0,0,0,0
1787802095.178552,-9,-8,1,-11,29547,27681,186,20433,3336150,3336145,3336147,3336148,0,0,0,0
1787802095.3792443,0,-11,-11,-9,29311,27281,32533,20051,3336210,3336205,3336207,3336208,0,0,0,0
1787802095.387868,-7,-9,-14,-9,29223,27052,32228,19857,3336240,3336235,3336237,3336238,0,0,0,0
1787802095.387868,-7,-6,-10,-2,29117,26849,31949,19705,3336270,3336265,3336267,3336268,0,0,0,0
1787802095.4019227,-12,-12,-4,-10,28975,26678,31745,19574,3336300,3336295,3336297,3336298,0,0,0,0
1787802095.5110252,-8,-4,-6,-7,28779,26518,31611,19426,3336330,3336325,3336327,3336328,0,0,0,0
1787802095.5127835,-10,-6,0,-9,28518,26347,31514,19251,3336360,3336355,3336357,3336358,0,0,0,0
1787802095.6018858,-16,-9,-3,-9,28220,26146,31429,19056,3336390,3336385,3336387,3336388,0,0,0,0
1787802095.6018858,-10,-8,-4,-7,27960,25945,31361,18888,3336420,3336415,3336417,3336418,0,0,0,0
1787802095.7048512,-7,-8,-2,-3,27739,25769,31263,18737,3336450,3336445,3336447,3336448,0,0,0,0
1787802095.7209814,-10,-8,-2,-7,27526,25607,31096,18574,3336480,3336475,3336477,3336478,0,0,0,0
1787802095.7878096,-5,-3,-6,-7,27254,25352,30588,18118,3336540,3336535,3336537,3336538,0,0,0,0
1787802095.9156966,-4,-6,-11,-10,27158,25211,30348,17895,3336570,3336565,3336567,3336568,0,0,0,0
1787802095.9194403,-7,-11,-10,-4,27019,25000,30116,17674,3336600,3336595,3336597,3336598,0,0,0,0
1787802096.000819,-12,-12,-5,-3,26671,24530,29838,17405,3336660,3336655,3336657,3336658,0,0,0,0
1787802096.1149466,-10,-6,-11,-5,26473,24309,29662,17276,3336690,3336685,3336687,3336688,0,0,0,0
1787802096.1217926,-5,-9,-12,-5,26314,24090,29420,17131,3336720,3336715,3336717,3336718,0,0,0,0
1787802096.2144084,-5,-3,-9,-2,26113,23755,28880,16726,3336780,3336775,3336777,3336778,0,0,0,0
1787802096.319847,-14,-2,-3,-6,25775,23497,28519,16302,3336840,3336835,3336837,3336838,0,0,0,0
1787802096.4111474,-12,-4,-2,-13,25489,23340,28431,16131,3336870,3336865,3336867,3336868,0,0,0,0
1787802096.4111474,-14,-6,-3,-9,25166,23174,28370,15961,3336900,3336895,3336897,3336898,0,0,0,0
1787802096.5300038,-9,-10,-6,-5,24898,22956,28268,15814,3336930,3336925,3336927,3336928,0,0,0,0
1787802096.537325,-10,-12,-10,-6,24709,22704,28104,15673,3336960,3336955,3336957,3336958,0,0,0,0
1787802096.6169739,-4,-12,-8,-12,24426,22255,27720,15270,3337020,3337015,3337017,3337018,0,0,0,0
1787802096.7341027,-6,-8,-10,-10,24243,22091,27514,15019,3337050,3337045,3337047,3337048,0,0,0,0
1787802096.821096,-6,-9,-9,-8,23767,21794,27004,14403,3337140,3337135,3337137,3337138,0,0,0,0
1787802096.927166,-1,-12,-16,-11,23587,21583,26778,14191,3337170,3337165,3337167,3337168,0,0,0,0
1787802096.9381833,-4,-12,-5,-3,23303,21121,26384,13957,3337230,3337225,3337227,3337228,0,0,0,0
1787802097.021521,-6,-6,-8,-4,22929,20691,25955,13733,3337290,3337285,3337287,3337288,0,0,0,0
1787802097.132681,-11,-3,-4,-4,22686,20507,25809,13593,3337320,3337315,3337317,3337318,0,0,0,0
1787802097.141594,-12,-7,-7,-10,22427,20307,25684,13421,3337350,3337345,3337347,3337348,0,0,0,0
1787802097.2228022,-6,-5,-5,-11,22027,19905,25397,13004,3337410,3337405,3337407,3337408,0,0,0,0
1787802097.3335242,-6,-7,-8,-4,21888,19751,25225,12822,3337440,3337435,3337437,3337438,0,0,0,0
1787802097.3590832,-6,-5,-6,-9,21761,19634,25065,12654,3337470,3337465,3337467,3337468,0,0,0,0
1787802097.4239082,-8,-6,-15,-8,21591,19487,24857,12437,3337500,3337495,3337497,3337498,0,0,0,0
1787802097.4311483,-7,-7,-14,-12,21424,19334,24628,12158,3337530,3337525,3337527,3337528,0,0,0,0
1787802097.5492094,-5,-6,-2,-13,21304,19199,24422,11903,3337560,3337555,3337557,3337558,0,0,0,0
1787802097.5568533,-3,-8,-6,-10,21180,19038,24239,11719,3337590,3337585,3337587,3337588,0,0,0,0
1787802097.6120663,-7,-6,-7,1,21009,18833,24049,11559,3337620,3337615,3337617,3337618,0,0,0,0
1787802097.6120663,-11,-8,-7,-2,20810,18622,23841,11407,3337650,3337645,3337647,3337648,0,0,0,0
1787802097.7309275,-9,-9,-7,-9,20348,18191,23555,11166,3337710,3337705,3337707,3337708,0,0,0,0
1787802097.8334317,-10,-5,-10,-4,20114,17931,23417,11030,3337740,3337735,3337737,3337738,0,0,0,0
1787802097.8334317,-12,-8,-4,-8,19905,17722,23258,10854,3337770,3337765,3337767,3337768,0,0,0,0
1787802097.9434307,-5,-7,-9,-7,19592,17401,22911,10420,3337830,3337825,3337827,3337828,0,0,0,0
1787802098.040069,-7,-7,-7,-6,19462,17261,22669,10234,3337860,3337855,3337857,3337858,0,0,0,0
1787802098.1523905,0,-5,-5,-7,19156,17031,22237,9781,3337920,3337915,3337917,3337918,0,0,0,0
1787802098.247668,-4,-5,-5,-11,18943,16919,22091,9517,3337950,3337945,3337947,3337948,0,0,0,0
1787802098.2505856,-8,-10,-7,-8,18513,16532,21900,9147,3338010,3338005,3338007,3338008,0,0,0,0
1787802098.3855355,-4,-2,-10,-6,18336,16319,21699,8996,3338040,3338035,3338037,3338038,0,0,0,0
1787802098.3995187,-8,-16,-6,-8,18198,16109,21451,8881,3338070,3338065,3338067,3338068,0,0,0,0
1787802098.4477863,0,-7,-4,-5,18100,15874,21210,8762,3338100,3338095,3338097,3338098,0,0,0,0
1787802098.4477863,3,-4,1,2,18174,15804,21067,8766,3338130,3338125,3338127,3338128,0,0,0,0
